NO,MValue,SValue,MValue_Mean,SValue_Mean,MValue_Analyze,SValue_Analyze
1,0.0,1.168,0.0,1.168,,
2,46.56,1.186,46.56,1.186,,
3,46.58,1.24,46.58,1.24,,7.199999999999999
4,46.38,1.24,46.38,1.24,18.0,5.4
5,46.38,1.379,46.38,1.379,20.0,13.900000000000002
6,45.05,1.467,45.05,1.467,,22.7
7,44.1,1.467,44.1,1.467,,8.799999999999999
8,44.1,1.552,44.1,1.552,95.0,8.5
9,43.21,1.552,43.21,1.552,89.0,8.5
10,43.21,1.645,43.21,1.645,89.0,9.3
11,42.77,1.715,42.77,1.715,44.0,16.3
12,42.76,1.715,42.76,1.715,45.0,7.000000000000001
13,42.76,1.777,42.76,1.777,1.0,6.2
14,43.03,1.777,43.03,1.777,27.0,6.2
15,43.03,1.83,43.03,1.83,27.0,5.3
16,43.26,1.861,43.26,1.861,23.0,8.4
17,43.26,1.861,43.26,1.861,23.0,3.1
18,43.26,1.901,43.26,1.901,0.0,4.0
19,43.27,1.933,43.27,1.933,1.0,7.199999999999999
20,43.52,1.933,43.52,1.933,26.0,3.2
21,43.52,1.977,43.52,1.977,25.0,4.3999999999999995
22,43.54,1.977,43.54,1.977,2.0,4.3999999999999995
23,43.54,2.018,43.54,2.018,2.0,4.1000000000000005
24,43.64,2.037,43.64,2.037,10.0,6.0
25,43.5,2.037,43.5,2.037,4.0,1.9
26,43.5,2.036,43.5,2.036,14.000000000000002,0.1
27,43.23,2.064,43.23,2.064,27.0,2.7
28,43.52,2.064,43.52,2.064,2.0,2.8000000000000003
29,43.52,2.077,43.52,2.077,28.999999999999996,1.3
30,43.5,2.077,43.5,2.077,2.0,1.3
31,43.5,2.076,43.5,2.076,2.0,0.1
32,43.42,2.089,43.42,2.089,8.0,1.2
33,43.5,2.089,43.5,2.089,0.0,1.3
34,43.5,2.104,43.5,2.104,8.0,1.5
35,43.67,2.109,43.67,2.109,17.0,2.0
36,43.69,2.109,43.69,2.109,19.0,0.5
37,43.69,2.128,43.69,2.128,2.0,1.9
38,43.78,2.128,43.78,2.128,9.0,1.9
39,43.78,2.128,43.78,2.128,9.0,0.0
40,43.7,2.138,43.7,2.138,8.0,1.0
41,43.61,2.138,43.61,2.138,17.0,1.0
42,43.61,2.143,43.61,2.143,9.0,0.5
43,43.64,2.164,43.64,2.164,3.0,2.6
44,43.79,2.164,43.79,2.164,18.0,2.1
45,43.79,2.173,43.79,2.173,15.0,0.8999999999999999
46,43.81,2.173,43.81,2.173,2.0,0.8999999999999999
47,43.81,2.184,43.81,2.184,2.0,1.0999999999999999
48,43.82,2.185,43.82,2.185,1.0,1.2
49,43.66,2.185,43.66,2.185,15.0,0.1
50,43.66,2.185,43.66,2.185,16.0,0.0
51,43.48,2.185,43.48,2.185,18.0,0.0
52,43.48,2.185,43.48,2.185,18.0,0.0
53,43.47,2.201,43.47,2.201,1.0,1.6
54,43.57,2.201,43.57,2.201,9.0,1.6
55,43.57,2.21,43.57,2.21,10.0,0.8999999999999999
56,43.59,2.212,43.59,2.212,2.0,1.0999999999999999
57,43.6,2.212,43.6,2.212,3.0,0.2
58,43.6,2.213,43.6,2.213,1.0,0.1
59,43.61,2.213,43.61,2.213,1.0,0.1
60,43.61,2.229,43.61,2.229,1.0,1.6
61,43.73,2.235,43.73,2.235,12.0,2.1999999999999997
62,43.71,2.235,43.71,2.235,10.0,0.6
63,43.71,2.235,43.71,2.235,2.0,0.0
64,43.7,2.235,43.7,2.235,1.0,0.0
65,43.33,2.235,43.33,2.235,38.0,0.0
66,43.33,2.24,43.33,2.24,37.0,0.5
67,43.44,2.24,43.44,2.24,11.0,0.5
68,43.44,2.242,43.44,2.242,11.0,0.2
69,43.53,2.243,43.53,2.243,9.0,0.3
70,43.55,2.243,43.55,2.243,11.0,0.1
71,43.55,2.244,43.55,2.244,2.0,0.1
72,43.62,2.25,43.62,2.25,7.000000000000001,0.7000000000000001
73,43.64,2.25,43.64,2.25,9.0,0.6
74,43.64,2.25,43.64,2.25,2.0,0.0
75,43.65,2.25,43.65,2.25,1.0,0.0
76,43.65,2.25,43.65,2.25,1.0,0.0
77,43.66,2.251,43.66,2.251,1.0,0.1
78,43.68,2.251,43.68,2.251,3.0,0.1
79,43.68,2.26,43.68,2.26,2.0,0.8999999999999999
80,43.69,2.26,43.69,2.26,1.0,0.8999999999999999
81,43.69,2.26,43.69,2.26,1.0,0.0
82,43.75,2.261,43.75,2.261,6.0,0.1
83,43.76,2.261,43.76,2.261,7.000000000000001,0.1
84,43.76,2.261,43.76,2.261,1.0,0.0
85,43.78,2.267,43.78,2.267,2.0,0.6
86,43.86,2.267,43.86,2.267,10.0,0.6
87,43.86,2.268,43.86,2.268,8.0,0.1
88,43.87,2.268,43.87,2.268,1.0,0.1
89,43.87,2.269,43.87,2.269,1.0,0.1
90,43.88,2.27,43.88,2.27,1.0,0.2
91,43.89,2.27,43.89,2.27,2.0,0.1
92,43.89,2.274,43.89,2.274,1.0,0.4
93,43.91,2.297,43.91,2.297,2.0,2.7
94,44.2,2.297,44.2,2.297,31.0,2.3
95,44.2,2.295,44.2,2.295,28.999999999999996,0.2
96,44.19,2.295,44.19,2.295,1.0,0.2
97,44.19,2.295,44.19,2.295,1.0,0.0
98,44.19,2.299,44.19,2.299,0.0,0.4
99,44.18,2.299,44.18,2.299,1.0,0.4
100,44.18,2.304,44.18,2.304,1.0,0.5
101,44.19,2.305,44.19,2.305,1.0,0.6
102,44.27,2.305,44.27,2.305,9.0,0.1
103,44.27,2.304,44.27,2.304,8.0,0.1
104,44.27,2.304,44.27,2.304,0.0,0.1
105,44.27,2.305,44.27,2.305,0.0,0.1
106,44.28,2.305,44.28,2.305,1.0,0.1
107,44.29,2.305,44.29,2.305,2.0,0.0
108,44.29,2.305,44.29,2.305,1.0,0.0
109,44.29,2.323,44.29,2.323,0.0,1.7999999999999998
110,44.45,2.323,44.45,2.323,16.0,1.7999999999999998
111,44.45,2.328,44.45,2.328,16.0,0.5
112,44.46,2.328,44.46,2.328,1.0,0.5
113,44.46,2.348,44.46,2.348,1.0,2.0
114,44.38,2.353,44.38,2.353,8.0,2.5
115,44.41,2.353,44.41,2.353,5.0,0.5
116,44.41,2.354,44.41,2.354,3.0,0.1
117,44.42,2.354,44.42,2.354,1.0,0.1
118,44.42,2.354,44.42,2.354,1.0,0.0
119,44.43,2.355,44.43,2.355,1.0,0.1
120,44.44,2.355,44.44,2.355,2.0,0.1
121,44.44,2.355,44.44,2.355,1.0,0.0
122,44.44,2.356,44.44,2.356,0.0,0.1
123,44.45,2.356,44.45,2.356,1.0,0.1
124,44.45,2.363,44.45,2.363,1.0,0.7000000000000001
125,44.44,2.363,44.44,2.363,1.0,0.7000000000000001
126,44.44,2.361,44.44,2.361,1.0,0.2
127,44.31,2.36,44.31,2.36,13.0,0.3
128,44.3,2.36,44.3,2.36,14.000000000000002,0.1
129,44.3,2.375,44.3,2.375,1.0,1.5
130,44.29,2.39,44.29,2.39,1.0,3.0
131,44.37,2.39,44.37,2.39,7.000000000000001,1.5
132,44.37,2.396,44.37,2.396,8.0,0.6
133,44.4,2.396,44.4,2.396,3.0,0.6
134,44.4,2.38,44.4,2.38,3.0,1.6
135,44.32,2.38,44.32,2.38,8.0,1.6
136,44.34,2.38,44.34,2.38,6.0,0.0
137,44.34,2.379,44.34,2.379,2.0,0.1
138,44.34,2.379,44.34,2.379,0.0,0.1
139,44.34,2.379,44.34,2.379,0.0,0.0
140,44.34,2.379,44.34,2.379,0.0,0.0
141,44.35,2.379,44.35,2.379,1.0,0.0
142,44.35,2.393,44.35,2.393,1.0,1.4000000000000001
143,44.48,2.394,44.48,2.394,13.0,1.5
144,44.46,2.394,44.46,2.394,11.0,0.1
145,44.46,2.403,44.46,2.403,2.0,0.8999999999999999
146,44.35,2.403,44.35,2.403,11.0,0.8999999999999999
147,44.35,2.404,44.35,2.404,11.0,0.1
148,44.37,2.404,44.37,2.404,2.0,0.1
149,44.38,2.404,44.38,2.404,3.0,0.0
150,44.38,2.403,44.38,2.403,1.0,0.1
151,44.18,2.403,44.18,2.403,20.0,0.1
152,44.29,2.403,44.29,2.403,9.0,0.0
153,44.29,2.398,44.29,2.398,11.0,0.5
154,44.31,2.398,44.31,2.398,2.0,0.5
155,44.31,2.413,44.31,2.413,2.0,1.5
156,44.43,2.414,44.43,2.414,12.0,1.6
157,44.44,2.414,44.44,2.414,13.0,0.1
158,44.44,2.415,44.44,2.415,1.0,0.1
159,44.44,2.415,44.44,2.415,0.0,0.1
160,44.43,2.415,44.43,2.415,1.0,0.0
161,44.43,2.415,44.43,2.415,1.0,0.0
162,44.36,2.415,44.36,2.415,7.000000000000001,0.0
163,44.36,2.415,44.36,2.415,7.000000000000001,0.0
164,44.36,2.415,44.36,2.415,0.0,0.0
165,44.05,2.415,44.05,2.415,31.0,0.0
166,44.05,2.419,44.05,2.419,31.0,0.4
167,44.13,2.419,44.13,2.419,8.0,0.4
168,44.15,2.419,44.15,2.419,10.0,0.0
169,44.15,2.419,44.15,2.419,2.0,0.0
170,44.15,2.419,44.15,2.419,0.0,0.0
171,44.15,2.408,44.15,2.408,0.0,1.0999999999999999
172,44.24,2.432,44.24,2.432,9.0,1.3
173,44.39,2.432,44.39,2.432,24.0,2.4
174,44.39,2.427,44.39,2.427,15.0,0.5
175,44.32,2.427,44.32,2.427,7.000000000000001,0.5
176,44.32,2.428,44.32,2.428,7.000000000000001,0.1
177,44.34,2.428,44.34,2.428,2.0,0.1
178,44.33,2.428,44.33,2.428,1.0,0.0
179,44.33,2.428,44.33,2.428,1.0,0.0
180,44.33,2.421,44.33,2.421,0.0,0.7000000000000001
181,44.34,2.421,44.34,2.421,1.0,0.7000000000000001
182,44.34,2.421,44.34,2.421,1.0,0.0
183,44.34,2.421,44.34,2.421,0.0,0.0
184,44.34,2.426,44.34,2.426,0.0,0.5
185,44.34,2.427,44.34,2.427,0.0,0.6
186,44.34,2.427,44.34,2.427,0.0,0.1
187,44.34,2.428,44.34,2.428,0.0,0.1
188,44.35,2.427,44.35,2.427,1.0,0.0
189,44.35,2.427,44.35,2.427,1.0,0.1
190,44.35,2.427,44.35,2.427,0.0,0.0
191,44.35,2.427,44.35,2.427,0.0,0.0
192,44.35,2.427,44.35,2.427,0.0,0.0
193,44.35,2.427,44.35,2.427,0.0,0.0
194,44.35,2.427,44.35,2.427,0.0,0.0
195,44.35,2.427,44.35,2.427,0.0,0.0
196,44.35,2.426,44.35,2.426,0.0,0.1
197,44.35,2.426,44.35,2.426,0.0,0.1
198,44.35,2.426,44.35,2.426,0.0,0.0
199,44.35,2.426,44.35,2.426,0.0,0.0
200,44.35,2.426,44.35,2.426,0.0,0.0
201,44.35,2.426,44.35,2.426,0.0,0.0
202,44.35,2.426,44.35,2.426,0.0,0.0
203,44.35,2.426,44.35,2.426,0.0,0.0
204,44.35,2.446,44.35,2.446,0.0,2.0
205,44.54,2.446,44.54,2.446,19.0,2.0
206,44.54,2.441,44.54,2.441,19.0,0.5
207,44.47,2.441,44.47,2.441,7.000000000000001,0.5
208,44.47,2.44,44.47,2.44,7.000000000000001,0.1
209,44.46,2.44,44.46,2.44,1.0,0.1
210,44.47,2.44,44.47,2.44,0.0,0.0
211,44.47,2.43,44.47,2.43,1.0,1.0
212,44.56,2.43,44.56,2.43,9.0,1.0
213,44.56,2.422,44.56,2.422,9.0,0.8
214,44.38,2.424,44.38,2.424,18.0,0.6
215,44.39,2.424,44.39,2.424,17.0,0.2
216,44.39,2.432,44.39,2.432,1.0,0.8
217,44.51,2.434,44.51,2.434,12.0,1.0
218,44.53,2.434,44.53,2.434,14.000000000000002,0.2
219,44.53,2.434,44.53,2.434,2.0,0.0
220,44.54,2.434,44.54,2.434,1.0,0.0
221,44.54,2.435,44.54,2.435,1.0,0.1
222,44.54,2.435,44.54,2.435,0.0,0.1
223,44.54,2.435,44.54,2.435,0.0,0.0
224,44.54,2.435,44.54,2.435,0.0,0.0
225,44.55,2.418,44.55,2.418,1.0,1.7000000000000002
226,44.4,2.418,44.4,2.418,14.000000000000002,1.7000000000000002
227,44.4,2.419,44.4,2.419,15.0,0.1
228,44.48,2.419,44.48,2.419,8.0,0.1
229,44.48,2.421,44.48,2.421,8.0,0.2
230,44.51,2.425,44.51,2.425,3.0,0.6
231,44.59,2.425,44.59,2.425,11.0,0.4
232,44.59,2.426,44.59,2.426,8.0,0.1
233,44.6,2.425,44.6,2.425,1.0,0.0
234,44.59,2.425,44.59,2.425,0.0,0.1
235,44.59,2.438,44.59,2.438,1.0,1.3
236,44.68,2.438,44.68,2.438,9.0,1.3
237,44.68,2.437,44.68,2.437,9.0,0.1
238,44.66,2.437,44.66,2.437,2.0,0.1
239,44.66,2.437,44.66,2.437,2.0,0.0
240,44.66,2.436,44.66,2.436,0.0,0.1
241,44.65,2.436,44.65,2.436,1.0,0.1
242,44.65,2.436,44.65,2.436,1.0,0.0
243,44.64,2.435,44.64,2.435,1.0,0.1
244,44.63,2.435,44.63,2.435,2.0,0.1
245,44.63,2.43,44.63,2.43,1.0,0.5
246,44.62,2.43,44.62,2.43,1.0,0.5
247,44.62,2.43,44.62,2.43,1.0,0.0
248,44.62,2.43,44.62,2.43,0.0,0.0
249,44.7,2.43,44.7,2.43,8.0,0.0
250,44.7,2.429,44.7,2.429,8.0,0.1
251,44.72,2.429,44.72,2.429,2.0,0.1
252,44.73,2.429,44.73,2.429,3.0,0.0
253,44.73,2.429,44.73,2.429,1.0,0.0
254,44.73,2.428,44.73,2.428,0.0,0.1
255,44.72,2.428,44.72,2.428,1.0,0.1
256,44.72,2.428,44.72,2.428,1.0,0.0
257,44.71,2.428,44.71,2.428,1.0,0.0
258,44.71,2.428,44.71,2.428,1.0,0.0
259,44.7,2.427,44.7,2.427,1.0,0.1
260,44.7,2.427,44.7,2.427,1.0,0.1
261,44.7,2.435,44.7,2.435,0.0,0.8
262,44.7,2.433,44.7,2.433,0.0,0.6
263,44.58,2.433,44.58,2.433,12.0,0.2
264,44.58,2.432,44.58,2.432,12.0,0.1
265,44.56,2.432,44.56,2.432,2.0,0.1
266,44.56,2.431,44.56,2.431,2.0,0.1
267,44.56,2.431,44.56,2.431,0.0,0.1
268,44.56,2.431,44.56,2.431,0.0,0.0
269,44.56,2.425,44.56,2.425,0.0,0.6
270,44.82,2.409,44.82,2.409,26.0,2.1999999999999997
271,44.36,2.409,44.36,2.409,20.0,1.6
272,44.36,2.399,44.36,2.399,46.0,1.0
273,44.35,2.399,44.35,2.399,1.0,1.0
274,44.35,2.405,44.35,2.405,1.0,0.6
275,44.47,2.406,44.47,2.406,12.0,0.7000000000000001
276,44.54,2.406,44.54,2.406,19.0,0.1
277,44.54,2.413,44.54,2.413,7.000000000000001,0.7000000000000001
278,44.64,2.413,44.64,2.413,10.0,0.7000000000000001
279,44.64,2.414,44.64,2.414,10.0,0.1
280,44.81,2.413,44.81,2.413,17.0,0.0
281,44.72,2.413,44.72,2.413,8.0,0.1
282,44.72,2.405,44.72,2.405,9.0,0.8
283,44.63,2.404,44.63,2.404,9.0,0.8999999999999999
284,44.61,2.404,44.61,2.404,11.0,0.1
285,44.61,2.404,44.61,2.404,2.0,0.0
286,44.61,2.404,44.61,2.404,0.0,0.0
287,44.61,2.404,44.61,2.404,0.0,0.0
288,44.93,2.404,44.93,2.404,32.0,0.0
289,44.91,2.404,44.91,2.404,30.0,0.0
290,44.91,2.404,44.91,2.404,2.0,0.0
291,44.9,2.404,44.9,2.404,1.0,0.0
292,44.89,2.404,44.89,2.404,2.0,0.0
293,44.89,2.405,44.89,2.405,1.0,0.1
294,44.89,2.405,44.89,2.405,0.0,0.1
295,44.89,2.405,44.89,2.405,0.0,0.0
296,44.89,2.405,44.89,2.405,0.0,0.0
297,44.88,2.405,44.88,2.405,1.0,0.0
298,44.88,2.405,44.88,2.405,1.0,0.0
299,44.87,2.405,44.87,2.405,1.0,0.0
300,44.8,2.405,44.8,2.405,8.0,0.0
301,44.8,2.405,44.8,2.405,7.000000000000001,0.0
302,44.79,2.405,44.79,2.405,1.0,0.0
303,44.79,2.398,44.79,2.398,1.0,0.7000000000000001
304,44.8,2.398,44.8,2.398,1.0,0.7000000000000001
305,44.8,2.398,44.8,2.398,1.0,0.0
306,44.8,2.397,44.8,2.397,0.0,0.1
307,44.79,2.397,44.79,2.397,1.0,0.1
308,44.79,2.397,44.79,2.397,1.0,0.0
309,44.8,2.397,44.8,2.397,1.0,0.0
310,45.11,2.397,45.11,2.397,32.0,0.0
311,45.11,2.405,45.11,2.405,31.0,0.8
312,45.13,2.389,45.13,2.389,2.0,0.8
313,45.02,2.389,45.02,2.389,9.0,1.6
314,45.02,2.396,45.02,2.396,11.0,0.7000000000000001
315,45.05,2.396,45.05,2.396,3.0,0.7000000000000001
316,45.05,2.397,45.05,2.397,3.0,0.1
317,45.13,2.397,45.13,2.397,8.0,0.1
318,45.11,2.397,45.11,2.397,6.0,0.0
319,45.11,2.397,45.11,2.397,2.0,0.0
320,45.09,2.398,45.09,2.398,2.0,0.1
321,45.08,2.398,45.08,2.398,3.0,0.1
322,45.08,2.398,45.08,2.398,1.0,0.0
323,45.08,2.398,45.08,2.398,0.0,0.0
324,45.08,2.391,45.08,2.391,0.0,0.7000000000000001
325,44.79,2.39,44.79,2.39,28.999999999999996,0.8
326,44.77,2.39,44.77,2.39,31.0,0.1
327,44.77,2.391,44.77,2.391,2.0,0.1
328,44.78,2.391,44.78,2.391,1.0,0.1
329,44.79,2.391,44.79,2.391,2.0,0.0
330,44.79,2.392,44.79,2.392,1.0,0.1
331,44.8,2.392,44.8,2.392,1.0,0.1
332,44.8,2.397,44.8,2.397,1.0,0.5
333,44.89,2.397,44.89,2.397,9.0,0.5
334,44.89,2.397,44.89,2.397,9.0,0.0
335,44.89,2.397,44.89,2.397,0.0,0.0
336,44.88,2.397,44.88,2.397,1.0,0.0
337,44.88,2.396,44.88,2.396,1.0,0.1
338,44.88,2.396,44.88,2.396,0.0,0.1
339,44.88,2.396,44.88,2.396,0.0,0.0
340,44.88,2.396,44.88,2.396,0.0,0.0
341,44.88,2.396,44.88,2.396,0.0,0.0
342,44.87,2.396,44.87,2.396,1.0,0.0
343,44.87,2.396,44.87,2.396,1.0,0.0
344,45.02,2.396,45.02,2.396,15.0,0.0
345,45.02,2.396,45.02,2.396,15.0,0.0
346,45.11,2.396,45.11,2.396,9.0,0.0
347,45.12,2.396,45.12,2.396,10.0,0.0
348,45.12,2.396,45.12,2.396,1.0,0.0
349,45.11,2.395,45.11,2.395,1.0,0.1
350,45.04,2.395,45.04,2.395,8.0,0.1
351,45.04,2.395,45.04,2.395,7.000000000000001,0.0
352,45.03,2.395,45.03,2.395,1.0,0.0
353,45.03,2.395,45.03,2.395,1.0,0.0
354,45.04,2.395,45.04,2.395,1.0,0.0
355,45.03,2.395,45.03,2.395,0.0,0.0
356,45.03,2.394,45.03,2.394,1.0,0.1
357,45.02,2.394,45.02,2.394,1.0,0.1
358,44.87,2.394,44.87,2.394,16.0,0.0
359,44.87,2.395,44.87,2.395,15.0,0.1
360,44.86,2.395,44.86,2.395,1.0,0.1
361,44.86,2.395,44.86,2.395,1.0,0.0
362,44.86,2.395,44.86,2.395,0.0,0.0
363,44.86,2.395,44.86,2.395,0.0,0.0
364,44.86,2.395,44.86,2.395,0.0,0.0
365,44.85,2.374,44.85,2.374,1.0,2.1
366,44.7,2.374,44.7,2.374,16.0,2.1
367,44.7,2.375,44.7,2.375,15.0,0.1
368,44.72,2.375,44.72,2.375,2.0,0.1
369,44.72,2.381,44.72,2.381,2.0,0.6
370,44.81,2.382,44.81,2.382,9.0,0.7000000000000001
371,44.99,2.382,44.99,2.382,27.0,0.1
372,44.99,2.39,44.99,2.39,18.0,0.8
373,44.98,2.39,44.98,2.39,1.0,0.8
374,44.98,2.388,44.98,2.388,1.0,0.2
375,45.09,2.382,45.09,2.382,11.0,0.8
376,45.01,2.382,45.01,2.382,3.0,0.6
377,45.01,2.383,45.01,2.383,8.0,0.1
378,45.03,2.382,45.03,2.382,2.0,0.0
379,45.01,2.382,45.01,2.382,0.0,0.1
380,45.01,2.382,45.01,2.382,2.0,0.0
381,45.16,2.382,45.16,2.382,15.0,0.0
382,45.16,2.372,45.16,2.372,15.0,1.0
383,44.76,2.371,44.76,2.371,40.0,1.0999999999999999
384,44.75,2.371,44.75,2.371,41.0,0.1
385,44.75,2.372,44.75,2.372,1.0,0.1
386,44.77,2.373,44.77,2.373,2.0,0.2
387,44.78,2.373,44.78,2.373,3.0,0.1
388,44.78,2.373,44.78,2.373,1.0,0.0
389,44.86,2.373,44.86,2.373,8.0,0.0
390,44.86,2.374,44.86,2.374,8.0,0.1
391,44.86,2.374,44.86,2.374,0.0,0.1
392,45.13,2.374,45.13,2.374,27.0,0.0
393,45.13,2.374,45.13,2.374,27.0,0.0
394,45.06,2.374,45.06,2.374,7.000000000000001,0.0
395,45.04,2.374,45.04,2.374,9.0,0.0
396,45.04,2.374,45.04,2.374,2.0,0.0
397,44.96,2.374,44.96,2.374,8.0,0.0
398,44.96,2.374,44.96,2.374,8.0,0.0
399,44.97,2.374,44.97,2.374,1.0,0.0
400,44.98,2.374,44.98,2.374,2.0,0.0
401,44.98,2.374,44.98,2.374,1.0,0.0
402,44.98,2.374,44.98,2.374,0.0,0.0
403,44.98,2.362,44.98,2.362,0.0,1.2
404,44.98,2.361,44.98,2.361,0.0,1.3
405,44.89,2.361,44.89,2.361,9.0,0.1
406,44.89,2.362,44.89,2.362,9.0,0.1
407,44.92,2.363,44.92,2.363,3.0,0.2
408,44.93,2.363,44.93,2.363,4.0,0.1
409,44.93,2.374,44.93,2.374,1.0,1.0999999999999999
410,44.92,2.374,44.92,2.374,1.0,1.0999999999999999
411,44.92,2.373,44.92,2.373,1.0,0.1
412,44.92,2.373,44.92,2.373,0.0,0.1
413,44.92,2.373,44.92,2.373,0.0,0.0
414,44.92,2.373,44.92,2.373,0.0,0.0
415,44.92,2.373,44.92,2.373,0.0,0.0
416,44.92,2.373,44.92,2.373,0.0,0.0
417,44.92,2.372,44.92,2.372,0.0,0.1
418,44.92,2.372,44.92,2.372,0.0,0.1
419,44.92,2.372,44.92,2.372,0.0,0.0
420,44.91,2.372,44.91,2.372,1.0,0.0
421,44.91,2.372,44.91,2.372,1.0,0.0
422,44.91,2.372,44.91,2.372,0.0,0.0
423,44.91,2.372,44.91,2.372,0.0,0.0
424,44.91,2.372,44.91,2.372,0.0,0.0
425,44.91,2.372,44.91,2.372,0.0,0.0
426,44.91,2.372,44.91,2.372,0.0,0.0
427,44.91,2.365,44.91,2.365,0.0,0.7000000000000001
428,45.0,2.363,45.0,2.363,9.0,0.8999999999999999
429,44.89,2.363,44.89,2.363,2.0,0.2
430,44.89,2.363,44.89,2.363,11.0,0.0
431,44.95,2.363,44.95,2.363,6.0,0.0
432,44.95,2.363,44.95,2.363,6.0,0.0
433,44.95,2.363,44.95,2.363,0.0,0.0
434,45.16,2.363,45.16,2.363,21.0,0.0
435,45.16,2.362,45.16,2.362,21.0,0.1
436,45.06,2.372,45.06,2.372,10.0,0.8999999999999999
437,45.1,2.372,45.1,2.372,6.0,1.0
438,45.1,2.367,45.1,2.367,4.0,0.5
439,45.08,2.367,45.08,2.367,2.0,0.5
440,45.08,2.366,45.08,2.366,2.0,0.1
441,45.0,2.366,45.0,2.366,8.0,0.1
442,45.01,2.366,45.01,2.366,7.000000000000001,0.0
443,45.01,2.367,45.01,2.367,1.0,0.1
444,45.02,2.367,45.02,2.367,1.0,0.1
445,45.02,2.367,45.02,2.367,1.0,0.0
446,45.02,2.367,45.02,2.367,0.0,0.0
447,45.02,2.367,45.02,2.367,0.0,0.0
448,45.02,2.367,45.02,2.367,0.0,0.0
449,45.19,2.359,45.19,2.359,17.0,0.8
450,45.01,2.359,45.01,2.359,1.0,0.8
451,45.01,2.36,45.01,2.36,18.0,0.1
452,45.03,2.36,45.03,2.36,2.0,0.1
453,45.01,2.36,45.01,2.36,0.0,0.0
454,45.01,2.36,45.01,2.36,2.0,0.0
455,45.0,2.36,45.0,2.36,1.0,0.0
456,45.0,2.359,45.0,2.359,1.0,0.1
457,45.0,2.355,45.0,2.355,0.0,0.5
458,45.0,2.355,45.0,2.355,0.0,0.4
459,45.0,2.36,45.0,2.36,0.0,0.5
460,45.01,2.362,45.01,2.362,1.0,0.7000000000000001
461,45.01,2.362,45.01,2.362,1.0,0.2
462,45.01,2.362,45.01,2.362,0.0,0.0
463,45.02,2.362,45.02,2.362,1.0,0.0
464,45.02,2.361,45.02,2.361,1.0,0.1
465,45.02,2.361,45.02,2.361,0.0,0.1
466,45.02,2.361,45.02,2.361,0.0,0.0
467,45.02,2.349,45.02,2.349,0.0,1.2
468,45.02,2.349,45.02,2.349,0.0,1.2
469,45.02,2.347,45.02,2.347,0.0,0.2
470,44.92,2.348,44.92,2.348,10.0,0.1
471,45.0,2.348,45.0,2.348,2.0,0.1
472,45.0,2.347,45.0,2.347,8.0,0.1
473,44.98,2.348,44.98,2.348,2.0,0.0
474,44.99,2.348,44.99,2.348,1.0,0.1
475,44.99,2.348,44.99,2.348,1.0,0.0
476,44.99,2.348,44.99,2.348,0.0,0.0
477,44.99,2.348,44.99,2.348,0.0,0.0
478,44.99,2.348,44.99,2.348,0.0,0.0
479,45.0,2.348,45.0,2.348,1.0,0.0
480,45.0,2.327,45.0,2.327,1.0,2.1
481,44.75,2.341,44.75,2.341,25.0,0.7000000000000001
482,44.97,2.341,44.97,2.341,3.0,1.4000000000000001
483,44.97,2.339,44.97,2.339,22.0,0.2
484,44.94,2.339,44.94,2.339,3.0,0.2
485,44.94,2.353,44.94,2.353,3.0,1.4000000000000001
486,45.04,2.348,45.04,2.348,10.0,0.8999999999999999
487,45.01,2.348,45.01,2.348,7.000000000000001,0.5
488,45.01,2.343,45.01,2.343,3.0,0.5
489,44.93,2.344,44.93,2.344,8.0,0.4
490,44.95,2.344,44.95,2.344,6.0,0.1
491,44.95,2.344,44.95,2.344,2.0,0.0
492,44.96,2.344,44.96,2.344,1.0,0.0
493,44.96,2.344,44.96,2.344,1.0,0.0
494,44.95,2.344,44.95,2.344,1.0,0.0
495,44.96,2.344,44.96,2.344,0.0,0.0
496,44.96,2.344,44.96,2.344,1.0,0.0
497,44.97,2.344,44.97,2.344,1.0,0.0
498,44.97,2.344,44.97,2.344,1.0,0.0
499,44.97,2.344,44.97,2.344,0.0,0.0
500,44.97,2.344,44.97,2.344,0.0,0.0
501,44.97,2.344,44.97,2.344,0.0,0.0
502,45.24,2.344,45.24,2.344,27.0,0.0
503,45.09,2.344,45.09,2.344,12.0,0.0
504,45.09,2.344,45.09,2.344,15.0,0.0
505,45.09,2.344,45.09,2.344,0.0,0.0
506,45.09,2.344,45.09,2.344,0.0,0.0
507,45.09,2.344,45.09,2.344,0.0,0.0
508,45.09,2.344,45.09,2.344,0.0,0.0
509,45.09,2.344,45.09,2.344,0.0,0.0
510,45.08,2.343,45.08,2.343,1.0,0.1
511,45.08,2.343,45.08,2.343,1.0,0.1
512,45.08,2.343,45.08,2.343,0.0,0.0
513,45.08,2.343,45.08,2.343,0.0,0.0
514,45.08,2.326,45.08,2.326,0.0,1.7000000000000002
515,45.07,2.345,45.07,2.345,1.0,0.2
516,45.17,2.345,45.17,2.345,9.0,1.9
517,45.17,2.345,45.17,2.345,10.0,0.0
518,45.17,2.345,45.17,2.345,0.0,0.0
519,45.15,2.345,45.15,2.345,2.0,0.0
520,45.15,2.344,45.15,2.344,2.0,0.1
521,45.14,2.344,45.14,2.344,1.0,0.1
522,45.14,2.344,45.14,2.344,1.0,0.0
523,45.14,2.343,45.14,2.343,0.0,0.1
524,45.13,2.343,45.13,2.343,1.0,0.1
525,45.13,2.339,45.13,2.339,1.0,0.4
526,45.06,2.34,45.06,2.34,7.000000000000001,0.3
527,45.23,2.34,45.23,2.34,10.0,0.1
528,45.23,2.335,45.23,2.335,17.0,0.5
529,45.13,2.335,45.13,2.335,10.0,0.5
530,45.13,2.333,45.13,2.333,10.0,0.2
531,44.9,2.334,44.9,2.334,23.0,0.1
532,44.97,2.334,44.97,2.334,16.0,0.1
533,44.97,2.335,44.97,2.335,7.000000000000001,0.1
534,45.0,2.335,45.0,2.335,3.0,0.1
535,45.0,2.335,45.0,2.335,3.0,0.0
536,45.0,2.335,45.0,2.335,0.0,0.0
537,45.0,2.335,45.0,2.335,0.0,0.0
538,45.0,2.335,45.0,2.335,0.0,0.0
539,45.0,2.335,45.0,2.335,0.0,0.0
540,45.0,2.335,45.0,2.335,0.0,0.0
541,45.0,2.335,45.0,2.335,0.0,0.0
542,45.0,2.335,45.0,2.335,0.0,0.0
543,45.0,2.335,45.0,2.335,0.0,0.0
544,45.0,2.336,45.0,2.336,0.0,0.1
545,45.01,2.336,45.01,2.336,1.0,0.1
546,45.01,2.336,45.01,2.336,1.0,0.0
547,45.01,2.336,45.01,2.336,0.0,0.0
548,44.84,2.336,44.84,2.336,17.0,0.0
549,44.84,2.336,44.84,2.336,17.0,0.0
550,44.85,2.336,44.85,2.336,1.0,0.0
551,44.85,2.336,44.85,2.336,1.0,0.0
552,44.68,2.336,44.68,2.336,17.0,0.0
553,44.83,2.336,44.83,2.336,2.0,0.0
554,44.83,2.336,44.83,2.336,15.0,0.0
555,44.84,2.336,44.84,2.336,1.0,0.0
556,44.84,2.336,44.84,2.336,1.0,0.0
557,44.84,2.336,44.84,2.336,0.0,0.0
558,44.86,2.336,44.86,2.336,2.0,0.0
559,44.86,2.336,44.86,2.336,2.0,0.0
560,44.87,2.335,44.87,2.335,1.0,0.1
561,44.88,2.335,44.88,2.335,2.0,0.1
562,44.88,2.335,44.88,2.335,1.0,0.0
563,44.88,2.335,44.88,2.335,0.0,0.0
564,44.88,2.335,44.88,2.335,0.0,0.0
565,44.88,2.331,44.88,2.331,0.0,0.4
566,44.88,2.331,44.88,2.331,0.0,0.4
567,44.88,2.331,44.88,2.331,0.0,0.0
568,44.87,2.331,44.87,2.331,1.0,0.0
569,44.87,2.331,44.87,2.331,1.0,0.0
570,44.87,2.331,44.87,2.331,0.0,0.0
571,44.87,2.331,44.87,2.331,0.0,0.0
572,44.87,2.331,44.87,2.331,0.0,0.0
573,44.87,2.332,44.87,2.332,0.0,0.1
574,44.87,2.332,44.87,2.332,0.0,0.1
575,44.87,2.332,44.87,2.332,0.0,0.0
576,44.87,2.332,44.87,2.332,0.0,0.0
577,44.87,2.332,44.87,2.332,0.0,0.0
578,44.87,2.322,44.87,2.322,0.0,1.0
579,44.87,2.322,44.87,2.322,0.0,1.0
580,44.87,2.322,44.87,2.322,0.0,0.0
581,44.87,2.321,44.87,2.321,0.0,0.1
582,44.86,2.321,44.86,2.321,1.0,0.1
583,44.86,2.321,44.86,2.321,1.0,0.0
584,44.86,2.321,44.86,2.321,0.0,0.0
585,44.86,2.321,44.86,2.321,0.0,0.0
586,44.86,2.321,44.86,2.321,0.0,0.0
587,44.86,2.321,44.86,2.321,0.0,0.0
588,44.86,2.311,44.86,2.311,0.0,1.0
589,44.86,2.312,44.86,2.312,0.0,0.8999999999999999
590,44.86,2.312,44.86,2.312,0.0,0.1
591,44.86,2.313,44.86,2.313,0.0,0.1
592,44.86,2.313,44.86,2.313,0.0,0.1
593,44.86,2.313,44.86,2.313,0.0,0.0
594,44.86,2.313,44.86,2.313,0.0,0.0
595,44.86,2.313,44.86,2.313,0.0,0.0
596,44.86,2.313,44.86,2.313,0.0,0.0
597,44.94,2.314,44.94,2.314,8.0,0.1
598,44.95,2.314,44.95,2.314,9.0,0.1
599,44.95,2.314,44.95,2.314,1.0,0.0
600,44.94,2.314,44.94,2.314,1.0,0.0
601,44.94,2.296,44.94,2.296,1.0,1.7999999999999998
602,44.71,2.302,44.71,2.302,23.0,1.2
603,44.8,2.302,44.8,2.302,14.000000000000002,0.6
604,44.8,2.304,44.8,2.304,9.0,0.2
605,44.88,2.305,44.88,2.305,8.0,0.3
606,44.9,2.305,44.9,2.305,10.0,0.1
607,44.9,2.305,44.9,2.305,2.0,0.0
608,44.9,2.305,44.9,2.305,0.0,0.0
609,44.9,2.315,44.9,2.315,0.0,1.0
610,44.9,2.317,44.9,2.317,0.0,1.2
611,44.99,2.317,44.99,2.317,9.0,0.2
612,44.99,2.317,44.99,2.317,9.0,0.0
613,44.96,2.312,44.96,2.312,3.0,0.5
614,44.84,2.312,44.84,2.312,15.0,0.5
615,44.84,2.312,44.84,2.312,12.0,0.0
616,44.83,2.312,44.83,2.312,1.0,0.0
617,44.83,2.311,44.83,2.311,1.0,0.1
618,44.83,2.312,44.83,2.312,0.0,0.0
619,45.01,2.312,45.01,2.312,18.0,0.1
620,45.01,2.302,45.01,2.302,18.0,1.0
621,44.85,2.307,44.85,2.307,16.0,0.5
622,44.88,2.307,44.88,2.307,13.0,0.5
623,44.88,2.307,44.88,2.307,3.0,0.0
624,44.89,2.307,44.89,2.307,1.0,0.0
625,44.89,2.306,44.89,2.306,1.0,0.1
626,44.89,2.305,44.89,2.305,0.0,0.2
627,45.03,2.305,45.03,2.305,14.000000000000002,0.1
628,45.03,2.299,45.03,2.299,14.000000000000002,0.6
629,44.82,2.299,44.82,2.299,21.0,0.6
630,44.82,2.299,44.82,2.299,21.0,0.0
631,44.89,2.3,44.89,2.3,7.000000000000001,0.1
632,44.89,2.3,44.89,2.3,7.000000000000001,0.1
633,44.89,2.299,44.89,2.299,0.0,0.1
634,44.89,2.299,44.89,2.299,0.0,0.1
635,44.88,2.299,44.88,2.299,1.0,0.0
636,44.88,2.299,44.88,2.299,1.0,0.0
637,44.89,2.299,44.89,2.299,1.0,0.0
638,44.89,2.299,44.89,2.299,1.0,0.0
639,44.89,2.299,44.89,2.299,0.0,0.0
640,44.89,2.299,44.89,2.299,0.0,0.0
641,44.89,2.299,44.89,2.299,0.0,0.0
642,44.9,2.299,44.9,2.299,1.0,0.0
643,44.9,2.299,44.9,2.299,1.0,0.0
644,44.9,2.299,44.9,2.299,0.0,0.0
645,44.9,2.299,44.9,2.299,0.0,0.0
646,44.9,2.299,44.9,2.299,0.0,0.0
647,44.9,2.299,44.9,2.299,0.0,0.0
648,44.91,2.299,44.91,2.299,1.0,0.0
649,44.91,2.292,44.91,2.292,1.0,0.7000000000000001
650,44.91,2.31,44.91,2.31,0.0,1.0999999999999999
651,45.09,2.31,45.09,2.31,18.0,1.7999999999999998
652,45.09,2.293,45.09,2.293,18.0,1.7000000000000002
653,45.0,2.293,45.0,2.293,9.0,1.7000000000000002
654,45.0,2.294,45.0,2.294,9.0,0.1
655,45.03,2.294,45.03,2.294,3.0,0.1
656,45.04,2.294,45.04,2.294,4.0,0.0
657,45.04,2.293,45.04,2.293,1.0,0.1
658,45.04,2.293,45.04,2.293,0.0,0.1
659,45.04,2.293,45.04,2.293,0.0,0.0
660,45.04,2.293,45.04,2.293,0.0,0.0
661,45.04,2.293,45.04,2.293,0.0,0.0
662,45.04,2.292,45.04,2.292,0.0,0.1
663,45.04,2.292,45.04,2.292,0.0,0.1
664,45.04,2.292,45.04,2.292,0.0,0.0
665,45.04,2.292,45.04,2.292,0.0,0.0
666,45.04,2.292,45.04,2.292,0.0,0.0
667,45.04,2.292,45.04,2.292,0.0,0.0
668,45.04,2.292,45.04,2.292,0.0,0.0
669,45.04,2.292,45.04,2.292,0.0,0.0
670,45.04,2.292,45.04,2.292,0.0,0.0
671,45.04,2.292,45.04,2.292,0.0,0.0
672,45.05,2.292,45.05,2.292,1.0,0.0
673,45.05,2.292,45.05,2.292,1.0,0.0
674,44.85,2.292,44.85,2.292,20.0,0.0
675,44.85,2.292,44.85,2.292,20.0,0.0
676,45.16,2.292,45.16,2.292,31.0,0.0
677,45.03,2.292,45.03,2.292,18.0,0.0
678,45.03,2.291,45.03,2.291,13.0,0.1
679,45.22,2.283,45.22,2.283,19.0,0.8999999999999999
680,45.05,2.283,45.05,2.283,2.0,0.8
681,45.05,2.284,45.05,2.284,17.0,0.1
682,45.05,2.284,45.05,2.284,0.0,0.1
683,45.05,2.293,45.05,2.293,0.0,0.8999999999999999
684,45.05,2.283,45.05,2.283,0.0,0.1
685,44.92,2.283,44.92,2.283,13.0,1.0
686,44.92,2.285,44.92,2.285,13.0,0.2
687,45.0,2.284,45.0,2.284,8.0,0.1
688,44.98,2.284,44.98,2.284,6.0,0.1
689,44.98,2.284,44.98,2.284,2.0,0.0
690,44.98,2.284,44.98,2.284,0.0,0.0
691,44.98,2.284,44.98,2.284,0.0,0.0
692,45.12,2.278,45.12,2.278,14.000000000000002,0.6
693,44.99,2.278,44.99,2.278,1.0,0.6
694,44.99,2.287,44.99,2.287,13.0,0.8999999999999999
695,44.98,2.287,44.98,2.287,1.0,0.8999999999999999
696,44.98,2.287,44.98,2.287,1.0,0.0
697,45.15,2.286,45.15,2.286,17.0,0.1
698,45.06,2.286,45.06,2.286,8.0,0.1
699,45.06,2.28,45.06,2.28,9.0,0.6
700,44.98,2.28,44.98,2.28,8.0,0.6
701,44.98,2.28,44.98,2.28,8.0,0.0
702,44.98,2.28,44.98,2.28,0.0,0.0
703,44.99,2.28,44.99,2.28,1.0,0.0
704,44.99,2.28,44.99,2.28,1.0,0.0
705,44.99,2.28,44.99,2.28,0.0,0.0
706,44.99,2.28,44.99,2.28,0.0,0.0
707,44.99,2.28,44.99,2.28,0.0,0.0
708,44.99,2.28,44.99,2.28,0.0,0.0
709,44.99,2.28,44.99,2.28,0.0,0.0
710,44.99,2.28,44.99,2.28,0.0,0.0
711,44.99,2.28,44.99,2.28,0.0,0.0
712,44.99,2.28,44.99,2.28,0.0,0.0
713,44.99,2.28,44.99,2.28,0.0,0.0
714,45.0,2.28,45.0,2.28,1.0,0.0
715,45.0,2.28,45.0,2.28,1.0,0.0
716,45.0,2.28,45.0,2.28,0.0,0.0
717,45.2,2.28,45.2,2.28,20.0,0.0
718,45.2,2.27,45.2,2.27,20.0,1.0
719,45.02,2.27,45.02,2.27,18.0,1.0
720,45.02,2.27,45.02,2.27,18.0,0.0
721,45.02,2.27,45.02,2.27,0.0,0.0
722,45.01,2.27,45.01,2.27,1.0,0.0
723,45.01,2.269,45.01,2.269,1.0,0.1
724,44.99,2.269,44.99,2.269,2.0,0.1
725,44.99,2.269,44.99,2.269,2.0,0.0
726,44.98,2.268,44.98,2.268,1.0,0.1
727,44.97,2.268,44.97,2.268,2.0,0.1
728,44.97,2.268,44.97,2.268,1.0,0.0
729,44.96,2.268,44.96,2.268,1.0,0.0
730,44.96,2.268,44.96,2.268,1.0,0.0
731,44.96,2.268,44.96,2.268,0.0,0.0
732,45.21,2.268,45.21,2.268,25.0,0.0
733,45.21,2.268,45.21,2.268,25.0,0.0
734,45.19,2.268,45.19,2.268,2.0,0.0
735,45.12,2.268,45.12,2.268,9.0,0.0
736,45.12,2.268,45.12,2.268,7.000000000000001,0.0
737,45.11,2.268,45.11,2.268,1.0,0.0
738,45.11,2.268,45.11,2.268,1.0,0.0
739,45.11,2.268,45.11,2.268,0.0,0.0
740,45.1,2.268,45.1,2.268,1.0,0.0
741,45.1,2.268,45.1,2.268,1.0,0.0
742,45.09,2.268,45.09,2.268,1.0,0.0
743,45.09,2.268,45.09,2.268,1.0,0.0
744,45.09,2.268,45.09,2.268,0.0,0.0
745,45.09,2.253,45.09,2.253,0.0,1.5
746,44.97,2.253,44.97,2.253,12.0,1.5
747,44.97,2.253,44.97,2.253,12.0,0.0
748,44.96,2.253,44.96,2.253,1.0,0.0
749,44.96,2.254,44.96,2.254,1.0,0.1
750,44.97,2.254,44.97,2.254,1.0,0.1
751,44.97,2.254,44.97,2.254,1.0,0.0
752,44.97,2.254,44.97,2.254,0.0,0.0
753,44.96,2.254,44.96,2.254,1.0,0.0
754,44.96,2.254,44.96,2.254,1.0,0.0
755,44.96,2.254,44.96,2.254,0.0,0.0
756,44.96,2.254,44.96,2.254,0.0,0.0
757,44.96,2.254,44.96,2.254,0.0,0.0
758,44.96,2.254,44.96,2.254,0.0,0.0
759,44.96,2.254,44.96,2.254,0.0,0.0
760,44.96,2.254,44.96,2.254,0.0,0.0
761,44.96,2.254,44.96,2.254,0.0,0.0
762,44.96,2.254,44.96,2.254,0.0,0.0
763,44.95,2.254,44.95,2.254,1.0,0.0
764,44.95,2.254,44.95,2.254,1.0,0.0
765,44.95,2.253,44.95,2.253,0.0,0.1
766,44.95,2.241,44.95,2.241,0.0,1.3
767,45.04,2.241,45.04,2.241,9.0,1.2
768,45.04,2.242,45.04,2.242,9.0,0.1
769,45.03,2.242,45.03,2.242,1.0,0.1
770,45.03,2.243,45.03,2.243,1.0,0.1
771,45.04,2.244,45.04,2.244,1.0,0.2
772,45.05,2.244,45.05,2.244,2.0,0.1
773,45.05,2.244,45.05,2.244,1.0,0.0
774,45.06,2.244,45.06,2.244,1.0,0.0
775,45.06,2.244,45.06,2.244,1.0,0.0
776,45.06,2.244,45.06,2.244,0.0,0.0
777,45.05,2.244,45.05,2.244,1.0,0.0
778,45.05,2.244,45.05,2.244,1.0,0.0
779,45.05,2.244,45.05,2.244,0.0,0.0
780,45.05,2.244,45.05,2.244,0.0,0.0
781,45.05,2.244,45.05,2.244,0.0,0.0
782,45.06,2.245,45.06,2.245,1.0,0.1
783,45.06,2.245,45.06,2.245,1.0,0.1
784,45.06,2.245,45.06,2.245,0.0,0.0
785,45.06,2.245,45.06,2.245,0.0,0.0
786,45.06,2.245,45.06,2.245,0.0,0.0
787,45.06,2.244,45.06,2.244,0.0,0.1
788,45.06,2.244,45.06,2.244,0.0,0.1
789,45.06,2.244,45.06,2.244,0.0,0.0
790,45.06,2.244,45.06,2.244,0.0,0.0
791,45.06,2.245,45.06,2.245,0.0,0.1
792,45.06,2.245,45.06,2.245,0.0,0.1
793,45.07,2.245,45.07,2.245,1.0,0.0
794,45.07,2.245,45.07,2.245,1.0,0.0
795,45.07,2.245,45.07,2.245,0.0,0.0
796,45.07,2.245,45.07,2.245,0.0,0.0
797,45.07,2.245,45.07,2.245,0.0,0.0
798,45.07,2.245,45.07,2.245,0.0,0.0
799,45.07,2.245,45.07,2.245,0.0,0.0
800,45.07,2.233,45.07,2.233,0.0,1.2
801,45.0,2.233,45.0,2.233,7.000000000000001,1.2
802,45.0,2.235,45.0,2.235,7.000000000000001,0.2
803,45.11,2.24,45.11,2.24,11.0,0.7000000000000001
804,45.35,2.24,45.35,2.24,35.0,0.5
805,45.35,2.224,45.35,2.224,24.0,1.6
806,45.24,2.224,45.24,2.224,11.0,1.6
807,45.24,2.223,45.24,2.223,11.0,0.1
808,45.15,2.223,45.15,2.223,9.0,0.1
809,45.13,2.223,45.13,2.223,11.0,0.0
810,45.13,2.222,45.13,2.222,2.0,0.1
811,45.13,2.222,45.13,2.222,0.0,0.1
812,45.13,2.222,45.13,2.222,0.0,0.0
813,45.13,2.222,45.13,2.222,0.0,0.0
814,45.12,2.222,45.12,2.222,1.0,0.0
815,45.12,2.217,45.12,2.217,1.0,0.5
816,45.13,2.217,45.13,2.217,1.0,0.5
817,45.14,2.217,45.14,2.217,2.0,0.0
818,45.14,2.217,45.14,2.217,1.0,0.0
819,45.14,2.217,45.14,2.217,0.0,0.0
820,45.14,2.223,45.14,2.223,0.0,0.6
821,45.14,2.218,45.14,2.218,0.0,0.1
822,45.14,2.218,45.14,2.218,0.0,0.5
823,45.14,2.219,45.14,2.219,0.0,0.1
824,45.26,2.218,45.26,2.218,12.0,0.0
825,45.17,2.218,45.17,2.218,3.0,0.1
826,45.17,2.218,45.17,2.218,9.0,0.0
827,45.2,2.218,45.2,2.218,3.0,0.0
828,45.2,2.218,45.2,2.218,3.0,0.0
829,45.2,2.218,45.2,2.218,0.0,0.0
830,45.2,2.218,45.2,2.218,0.0,0.0
831,45.2,2.218,45.2,2.218,0.0,0.0
832,45.2,2.218,45.2,2.218,0.0,0.0
833,45.21,2.218,45.21,2.218,1.0,0.0
834,45.21,2.206,45.21,2.206,1.0,1.2
835,45.21,2.206,45.21,2.206,0.0,1.2
836,45.21,2.21,45.21,2.21,0.0,0.4
837,45.28,2.211,45.28,2.211,7.000000000000001,0.5
838,45.28,2.211,45.28,2.211,7.000000000000001,0.1
839,45.28,2.203,45.28,2.203,0.0,0.8
840,44.97,2.197,44.97,2.197,31.0,1.4000000000000001
841,44.98,2.197,44.98,2.197,30.0,0.6
842,44.98,2.208,44.98,2.208,1.0,1.0999999999999999
843,45.16,2.208,45.16,2.208,18.0,1.0999999999999999
844,45.16,2.214,45.16,2.214,18.0,0.6
845,45.45,2.212,45.45,2.212,28.999999999999996,0.4
846,45.43,2.212,45.43,2.212,27.0,0.2
847,45.43,2.211,45.43,2.211,2.0,0.1
848,45.41,2.21,45.41,2.21,2.0,0.2
849,45.15,2.21,45.15,2.21,28.000000000000004,0.1
850,45.15,2.204,45.15,2.204,26.0,0.6
851,45.28,2.204,45.28,2.204,13.0,0.6
852,45.28,2.203,45.28,2.203,13.0,0.1
853,45.42,2.203,45.42,2.203,14.000000000000002,0.1
854,45.26,2.203,45.26,2.203,2.0,0.0
855,45.26,2.203,45.26,2.203,16.0,0.0
856,45.25,2.203,45.25,2.203,1.0,0.0
857,45.25,2.202,45.25,2.202,1.0,0.1
858,45.24,2.202,45.24,2.202,1.0,0.1
859,45.24,2.202,45.24,2.202,1.0,0.0
860,45.24,2.202,45.24,2.202,0.0,0.0
861,45.24,2.202,45.24,2.202,0.0,0.0
862,45.23,2.202,45.23,2.202,1.0,0.0
863,45.23,2.201,45.23,2.201,1.0,0.1
864,45.22,2.201,45.22,2.201,1.0,0.1
865,45.22,2.201,45.22,2.201,1.0,0.0
866,45.22,2.201,45.22,2.201,0.0,0.0
867,45.21,2.201,45.21,2.201,1.0,0.0
868,45.21,2.201,45.21,2.201,1.0,0.0
869,45.21,2.211,45.21,2.211,0.0,1.0
870,45.28,2.211,45.28,2.211,7.000000000000001,1.0
871,45.28,2.206,45.28,2.206,7.000000000000001,0.5
872,45.17,2.206,45.17,2.206,11.0,0.5
873,45.17,2.204,45.17,2.204,11.0,0.2
874,45.14,2.203,45.14,2.203,3.0,0.3
875,45.13,2.203,45.13,2.203,4.0,0.1
876,45.13,2.203,45.13,2.203,1.0,0.0
877,45.13,2.203,45.13,2.203,0.0,0.0
878,45.12,2.203,45.12,2.203,1.0,0.0
879,45.12,2.195,45.12,2.195,1.0,0.8
880,45.12,2.195,45.12,2.195,0.0,0.8
881,45.12,2.201,45.12,2.201,0.0,0.6
882,45.26,2.201,45.26,2.201,14.000000000000002,0.6
883,45.27,2.201,45.27,2.201,15.0,0.0
884,45.27,2.201,45.27,2.201,1.0,0.0
885,45.25,2.201,45.25,2.201,2.0,0.0
886,45.25,2.188,45.25,2.188,2.0,1.3
887,45.24,2.188,45.24,2.188,1.0,1.3
888,45.24,2.188,45.24,2.188,1.0,0.0
889,45.24,2.187,45.24,2.187,0.0,0.1
890,45.14,2.186,45.14,2.186,10.0,0.2
891,45.13,2.186,45.13,2.186,11.0,0.1
892,45.13,2.186,45.13,2.186,1.0,0.0
893,45.14,2.186,45.14,2.186,1.0,0.0
894,45.14,2.199,45.14,2.199,1.0,1.3
895,45.22,2.178,45.22,2.178,8.0,0.8
896,45.12,2.178,45.12,2.178,2.0,2.1
897,45.12,2.18,45.12,2.18,10.0,0.2
898,45.27,2.185,45.27,2.185,15.0,0.7000000000000001
899,45.29,2.185,45.29,2.185,17.0,0.5
900,45.29,2.185,45.29,2.185,2.0,0.0
901,45.3,2.185,45.3,2.185,1.0,0.0
902,45.3,2.185,45.3,2.185,1.0,0.0
903,45.3,2.185,45.3,2.185,0.0,0.0
904,45.3,2.185,45.3,2.185,0.0,0.0
905,45.3,2.185,45.3,2.185,0.0,0.0
906,45.3,2.185,45.3,2.185,0.0,0.0
907,45.29,2.185,45.29,2.185,1.0,0.0
908,45.29,2.185,45.29,2.185,1.0,0.0
909,45.29,2.185,45.29,2.185,0.0,0.0
910,45.29,2.185,45.29,2.185,0.0,0.0
911,45.28,2.185,45.28,2.185,1.0,0.0
912,45.28,2.185,45.28,2.185,1.0,0.0
913,45.28,2.185,45.28,2.185,0.0,0.0
914,45.28,2.185,45.28,2.185,0.0,0.0
915,45.27,2.185,45.27,2.185,1.0,0.0
916,45.27,2.177,45.27,2.177,1.0,0.8
917,45.27,2.177,45.27,2.177,0.0,0.8
918,45.27,2.177,45.27,2.177,0.0,0.0
919,45.28,2.177,45.28,2.177,1.0,0.0
920,45.28,2.177,45.28,2.177,1.0,0.0
921,45.28,2.177,45.28,2.177,0.0,0.0
922,45.28,2.177,45.28,2.177,0.0,0.0
923,45.28,2.177,45.28,2.177,0.0,0.0
924,45.28,2.184,45.28,2.184,0.0,0.7000000000000001
925,45.29,2.184,45.29,2.184,1.0,0.7000000000000001
926,45.29,2.179,45.29,2.179,1.0,0.5
927,45.28,2.179,45.28,2.179,1.0,0.5
928,45.28,2.179,45.28,2.179,1.0,0.0
929,45.28,2.179,45.28,2.179,0.0,0.0
930,45.28,2.179,45.28,2.179,0.0,0.0
931,45.28,2.178,45.28,2.178,0.0,0.1
932,45.28,2.173,45.28,2.173,0.0,0.6
933,45.29,2.173,45.29,2.173,1.0,0.5
934,45.29,2.174,45.29,2.174,1.0,0.1
935,45.38,2.173,45.38,2.173,9.0,0.0
936,45.35,2.173,45.35,2.173,6.0,0.1
937,45.35,2.172,45.35,2.172,3.0,0.1
938,45.34,2.172,45.34,2.172,1.0,0.1
939,45.34,2.172,45.34,2.172,1.0,0.0
940,45.32,2.171,45.32,2.171,2.0,0.1
941,45.32,2.171,45.32,2.171,2.0,0.1
942,45.32,2.171,45.32,2.171,0.0,0.0
943,45.31,2.171,45.31,2.171,1.0,0.0
944,45.31,2.171,45.31,2.171,1.0,0.0
945,45.31,2.171,45.31,2.171,0.0,0.0
946,45.3,2.171,45.3,2.171,1.0,0.0
947,45.3,2.152,45.3,2.152,1.0,1.9
948,45.23,2.152,45.23,2.152,7.000000000000001,1.9
949,45.23,2.152,45.23,2.152,7.000000000000001,0.0
950,45.23,2.151,45.23,2.151,0.0,0.1
951,45.21,2.151,45.21,2.151,2.0,0.1
952,45.21,2.15,45.21,2.15,2.0,0.1
953,45.14,2.15,45.14,2.15,7.000000000000001,0.1
954,45.13,2.15,45.13,2.15,8.0,0.0
955,45.13,2.15,45.13,2.15,1.0,0.0
956,45.13,2.149,45.13,2.149,0.0,0.1
957,45.26,2.149,45.26,2.149,13.0,0.1
958,45.26,2.149,45.26,2.149,13.0,0.0
959,45.38,2.149,45.38,2.149,12.0,0.0
960,45.38,2.149,45.38,2.149,12.0,0.0
961,45.19,2.156,45.19,2.156,19.0,0.7000000000000001
962,45.21,2.156,45.21,2.156,17.0,0.7000000000000001
963,45.21,2.156,45.21,2.156,2.0,0.0
964,45.23,2.15,45.23,2.15,2.0,0.6
965,45.34,2.15,45.34,2.15,13.0,0.6
966,45.34,2.151,45.34,2.151,11.0,0.1
967,45.24,2.151,45.24,2.151,10.0,0.1
968,45.24,2.156,45.24,2.156,10.0,0.5
969,45.25,2.152,45.25,2.152,1.0,0.1
970,45.33,2.152,45.33,2.152,9.0,0.4
971,45.33,2.151,45.33,2.151,8.0,0.1
972,45.31,2.151,45.31,2.151,2.0,0.1
973,45.32,2.151,45.32,2.151,1.0,0.0
974,45.32,2.152,45.32,2.152,1.0,0.1
975,45.32,2.152,45.32,2.152,0.0,0.1
976,45.32,2.152,45.32,2.152,0.0,0.0
977,45.32,2.152,45.32,2.152,0.0,0.0
978,45.32,2.152,45.32,2.152,0.0,0.0
979,45.32,2.152,45.32,2.152,0.0,0.0
980,45.32,2.152,45.32,2.152,0.0,0.0
981,45.32,2.152,45.32,2.152,0.0,0.0
982,45.32,2.147,45.32,2.147,0.0,0.5
983,45.39,2.147,45.39,2.147,7.000000000000001,0.5
984,45.39,2.139,45.39,2.139,7.000000000000001,0.8
985,45.56,2.134,45.56,2.134,17.0,1.3
986,45.47,2.134,45.47,2.134,8.0,0.5
987,45.47,2.135,45.47,2.135,9.0,0.1
988,45.48,2.135,45.48,2.135,1.0,0.1
989,45.48,2.134,45.48,2.134,1.0,0.1
990,45.48,2.134,45.48,2.134,0.0,0.1
991,45.47,2.134,45.47,2.134,1.0,0.0
992,45.47,2.145,45.47,2.145,1.0,1.0999999999999999
993,45.56,2.139,45.56,2.139,9.0,0.5
994,45.38,2.139,45.38,2.139,9.0,0.6
995,45.38,2.138,45.38,2.138,18.0,0.1
996,45.36,2.138,45.36,2.138,2.0,0.1
997,45.36,2.138,45.36,2.138,2.0,0.0
998,45.67,2.134,45.67,2.134,31.0,0.4
999,45.61,2.134,45.61,2.134,25.0,0.4
1000,45.61,2.134,45.61,2.134,6.0,0.0
1001,45.61,2.134,45.61,2.134,0.0,0.0
1002,45.6,2.134,45.6,2.134,1.0,0.0
1003,45.6,2.134,45.6,2.134,1.0,0.0
1004,45.6,2.134,45.6,2.134,0.0,0.0
1005,45.6,2.134,45.6,2.134,0.0,0.0
1006,45.6,2.133,45.6,2.133,0.0,0.1
1007,45.59,2.133,45.59,2.133,1.0,0.1
1008,45.59,2.133,45.59,2.133,1.0,0.0
1009,45.52,2.129,45.52,2.129,7.000000000000001,0.4
1010,45.32,2.129,45.32,2.129,27.0,0.4
1011,45.32,2.129,45.32,2.129,20.0,0.0
1012,45.33,2.129,45.33,2.129,1.0,0.0
1013,45.33,2.13,45.33,2.13,1.0,0.1
1014,45.33,2.13,45.33,2.13,0.0,0.1
1015,45.33,2.13,45.33,2.13,0.0,0.0
1016,45.33,2.13,45.33,2.13,0.0,0.0
1017,45.33,2.13,45.33,2.13,0.0,0.0
1018,45.33,2.131,45.33,2.131,0.0,0.1
1019,45.33,2.131,45.33,2.131,0.0,0.1
1020,45.33,2.131,45.33,2.131,0.0,0.0
1021,45.33,2.131,45.33,2.131,0.0,0.0
1022,45.33,2.131,45.33,2.131,0.0,0.0
1023,45.32,2.131,45.32,2.131,1.0,0.0
1024,45.32,2.131,45.32,2.131,1.0,0.0
1025,45.39,2.131,45.39,2.131,7.000000000000001,0.0
1026,45.39,2.13,45.39,2.13,7.000000000000001,0.1
1027,45.4,2.126,45.4,2.126,1.0,0.5
1028,45.38,2.126,45.38,2.126,1.0,0.4
1029,45.38,2.126,45.38,2.126,2.0,0.0
1030,45.37,2.126,45.37,2.126,1.0,0.0
1031,45.35,2.126,45.35,2.126,3.0,0.0
1032,45.35,2.126,45.35,2.126,2.0,0.0
1033,45.29,2.126,45.29,2.126,6.0,0.0
1034,45.29,2.115,45.29,2.115,6.0,1.0999999999999999
1035,45.26,2.106,45.26,2.106,3.0,2.0
1036,45.25,2.106,45.25,2.106,4.0,0.8999999999999999
1037,45.25,2.105,45.25,2.105,1.0,0.1
1038,45.36,2.104,45.36,2.104,11.0,0.2
1039,45.35,2.104,45.35,2.104,10.0,0.1
1040,45.35,2.104,45.35,2.104,1.0,0.0
1041,45.34,2.104,45.34,2.104,1.0,0.0
1042,45.34,2.103,45.34,2.103,1.0,0.1
1043,45.33,2.103,45.33,2.103,1.0,0.1
1044,45.32,2.103,45.32,2.103,2.0,0.0
1045,45.32,2.089,45.32,2.089,1.0,1.4000000000000001
1046,45.31,2.089,45.31,2.089,1.0,1.4000000000000001
1047,45.31,2.095,45.31,2.095,1.0,0.6
1048,45.32,2.107,45.32,2.107,1.0,1.7999999999999998
1049,45.41,2.107,45.41,2.107,10.0,1.2
1050,45.41,2.108,45.41,2.108,9.0,0.1
1051,45.3,2.109,45.3,2.109,11.0,0.2
1052,45.37,2.109,45.37,2.109,4.0,0.1
1053,45.37,2.108,45.37,2.108,7.000000000000001,0.1
1054,45.44,2.108,45.44,2.108,7.000000000000001,0.1
1055,45.44,2.116,45.44,2.116,7.000000000000001,0.8
1056,45.44,2.106,45.44,2.106,0.0,0.2
1057,45.28,2.106,45.28,2.106,16.0,1.0
1058,45.28,2.105,45.28,2.105,16.0,0.1
1059,45.26,2.104,45.26,2.104,2.0,0.2
1060,45.25,2.104,45.25,2.104,3.0,0.1
1061,45.25,2.104,45.25,2.104,1.0,0.0
1062,45.47,2.104,45.47,2.104,22.0,0.0
1063,45.47,2.097,45.47,2.097,22.0,0.7000000000000001
1064,45.33,2.087,45.33,2.087,14.000000000000002,1.7000000000000002
1065,45.31,2.087,45.31,2.087,16.0,1.0
1066,45.31,2.088,45.31,2.088,2.0,0.1
1067,45.32,2.088,45.32,2.088,1.0,0.1
1068,45.33,2.088,45.33,2.088,2.0,0.0
1069,45.33,2.089,45.33,2.089,1.0,0.1
1070,45.4,2.089,45.4,2.089,7.000000000000001,0.1
1071,45.4,2.089,45.4,2.089,7.000000000000001,0.0
1072,45.4,2.09,45.4,2.09,0.0,0.1
1073,45.4,2.09,45.4,2.09,0.0,0.1
1074,45.4,2.09,45.4,2.09,0.0,0.0
1075,45.1,2.084,45.1,2.084,30.0,0.6
1076,45.21,2.084,45.21,2.084,19.0,0.6
1077,45.21,2.086,45.21,2.086,11.0,0.2
1078,45.28,2.086,45.28,2.086,7.000000000000001,0.2
1079,45.28,2.09,45.28,2.09,7.000000000000001,0.4
1080,45.36,2.091,45.36,2.091,8.0,0.5
1081,45.38,2.091,45.38,2.091,10.0,0.1
1082,45.38,2.092,45.38,2.092,2.0,0.1
1083,45.39,2.092,45.39,2.092,1.0,0.1
1084,45.39,2.091,45.39,2.091,1.0,0.1
1085,45.54,2.084,45.54,2.084,15.0,0.8
1086,45.55,2.084,45.55,2.084,16.0,0.7000000000000001
1087,45.55,2.085,45.55,2.085,1.0,0.1
1088,45.57,2.085,45.57,2.085,2.0,0.1
1089,45.58,2.085,45.58,2.085,3.0,0.0
1090,45.58,2.084,45.58,2.084,1.0,0.1
1091,45.58,2.084,45.58,2.084,0.0,0.1
1092,45.58,2.084,45.58,2.084,0.0,0.0
1093,45.58,2.083,45.58,2.083,0.0,0.1
1094,45.58,2.083,45.58,2.083,0.0,0.1
1095,45.58,2.074,45.58,2.074,0.0,0.8999999999999999
1096,45.58,2.074,45.58,2.074,0.0,0.8999999999999999
1097,45.66,2.074,45.66,2.074,8.0,0.0
1098,45.66,2.074,45.66,2.074,8.0,0.0
1099,45.64,2.074,45.64,2.074,2.0,0.0
1100,45.64,2.073,45.64,2.073,2.0,0.1
1101,45.64,2.065,45.64,2.065,0.0,0.8999999999999999
1102,45.65,2.065,45.65,2.065,1.0,0.8
1103,45.65,2.065,45.65,2.065,1.0,0.0
1104,45.66,2.066,45.66,2.066,1.0,0.1
1105,45.74,2.066,45.74,2.066,9.0,0.1
1106,45.74,2.066,45.74,2.066,8.0,0.0
1107,45.75,2.066,45.75,2.066,1.0,0.0
1108,45.75,2.066,45.75,2.066,1.0,0.0
1109,45.75,2.066,45.75,2.066,0.0,0.0
1110,45.75,2.066,45.75,2.066,0.0,0.0
1111,45.75,2.067,45.75,2.067,0.0,0.1
1112,45.75,2.067,45.75,2.067,0.0,0.1
1113,45.75,2.067,45.75,2.067,0.0,0.0
1114,45.75,2.077,45.75,2.077,0.0,1.0
1115,45.76,2.077,45.76,2.077,1.0,1.0
1116,45.76,2.076,45.76,2.076,1.0,0.1
1117,45.88,2.072,45.88,2.072,12.0,0.5
1118,45.8,2.072,45.8,2.072,4.0,0.4
1119,45.8,2.062,45.8,2.062,8.0,1.0
1120,45.79,2.062,45.79,2.062,1.0,1.0
1121,45.79,2.06,45.79,2.06,1.0,0.2
1122,45.7,2.06,45.7,2.06,9.0,0.2
1123,45.71,2.06,45.71,2.06,8.0,0.0
1124,45.71,2.06,45.71,2.06,1.0,0.0
1125,45.7,2.06,45.7,2.06,1.0,0.0
1126,45.69,2.06,45.69,2.06,2.0,0.0
1127,45.69,2.06,45.69,2.06,1.0,0.0
1128,45.87,2.06,45.87,2.06,18.0,0.0
1129,45.87,2.055,45.87,2.055,18.0,0.5
1130,45.85,2.056,45.85,2.056,2.0,0.4
1131,45.83,2.056,45.83,2.056,4.0,0.1
1132,45.83,2.056,45.83,2.056,2.0,0.0
1133,45.82,2.056,45.82,2.056,1.0,0.0
1134,45.81,2.056,45.81,2.056,2.0,0.0
1135,45.81,2.056,45.81,2.056,1.0,0.0
1136,45.74,2.056,45.74,2.056,7.000000000000001,0.0
1137,45.74,2.056,45.74,2.056,7.000000000000001,0.0
1138,45.63,2.056,45.63,2.056,11.0,0.0
1139,45.62,2.056,45.62,2.056,12.0,0.0
1140,45.62,2.056,45.62,2.056,1.0,0.0
1141,45.81,2.056,45.81,2.056,19.0,0.0
1142,45.81,2.056,45.81,2.056,19.0,0.0
1143,45.79,2.056,45.79,2.056,2.0,0.0
1144,45.71,2.056,45.71,2.056,10.0,0.0
1145,45.71,2.056,45.71,2.056,8.0,0.0
1146,45.71,2.056,45.71,2.056,0.0,0.0
1147,45.71,2.056,45.71,2.056,0.0,0.0
1148,45.71,2.05,45.71,2.05,0.0,0.6
1149,45.83,2.05,45.83,2.05,12.0,0.6
1150,45.83,2.051,45.83,2.051,12.0,0.1
1151,45.84,2.05,45.84,2.05,1.0,0.0
1152,45.76,2.05,45.76,2.05,7.000000000000001,0.1
1153,45.76,2.05,45.76,2.05,8.0,0.0
1154,45.74,2.049,45.74,2.049,2.0,0.1
1155,45.73,2.049,45.73,2.049,3.0,0.1
1156,45.73,2.049,45.73,2.049,1.0,0.0
1157,45.71,2.049,45.71,2.049,2.0,0.0
1158,45.71,2.049,45.71,2.049,2.0,0.0
1159,45.7,2.048,45.7,2.048,1.0,0.1
1160,45.7,2.048,45.7,2.048,1.0,0.1
1161,45.7,2.048,45.7,2.048,0.0,0.0
1162,45.7,2.041,45.7,2.041,0.0,0.7000000000000001
1163,45.7,2.041,45.7,2.041,0.0,0.7000000000000001
1164,45.7,2.042,45.7,2.042,0.0,0.1
1165,45.7,2.042,45.7,2.042,0.0,0.1
1166,45.7,2.04,45.7,2.04,0.0,0.2
1167,45.61,2.04,45.61,2.04,9.0,0.2
1168,45.62,2.04,45.62,2.04,8.0,0.0
1169,45.62,2.032,45.62,2.032,1.0,0.8
1170,45.64,2.028,45.64,2.028,2.0,1.2
1171,45.64,2.028,45.64,2.028,2.0,0.4
1172,45.64,2.028,45.64,2.028,0.0,0.0
1173,45.64,2.028,45.64,2.028,0.0,0.0
1174,45.64,2.028,45.64,2.028,0.0,0.0
1175,45.64,2.041,45.64,2.041,0.0,1.3
1176,45.77,2.041,45.77,2.041,13.0,1.3
1177,45.77,2.031,45.77,2.031,13.0,1.0
1178,45.75,2.031,45.75,2.031,2.0,1.0
1179,45.75,2.03,45.75,2.03,2.0,0.1
1180,45.73,2.03,45.73,2.03,2.0,0.1
1181,45.73,2.03,45.73,2.03,2.0,0.0
1182,45.73,2.03,45.73,2.03,0.0,0.0
1183,45.74,2.03,45.74,2.03,1.0,0.0
1184,45.59,2.03,45.59,2.03,14.000000000000002,0.0
1185,45.59,2.029,45.59,2.029,15.0,0.1
1186,45.58,2.029,45.58,2.029,1.0,0.1
1187,45.58,2.029,45.58,2.029,1.0,0.0
1188,45.58,2.029,45.58,2.029,0.0,0.0
1189,45.57,2.029,45.57,2.029,1.0,0.0
1190,45.57,2.028,45.57,2.028,1.0,0.1
1191,45.56,2.028,45.56,2.028,1.0,0.1
1192,45.56,2.028,45.56,2.028,1.0,0.0
1193,45.56,2.028,45.56,2.028,0.0,0.0
1194,45.56,2.028,45.56,2.028,0.0,0.0
1195,45.56,2.028,45.56,2.028,0.0,0.0
1196,45.56,2.028,45.56,2.028,0.0,0.0
1197,45.56,2.028,45.56,2.028,0.0,0.0
1198,45.56,2.017,45.56,2.017,0.0,1.0999999999999999
1199,45.56,2.018,45.56,2.018,0.0,1.0
1200,45.42,2.018,45.42,2.018,14.000000000000002,0.1
1201,45.42,2.018,45.42,2.018,14.000000000000002,0.0
1202,45.44,2.018,45.44,2.018,2.0,0.0
1203,45.44,2.018,45.44,2.018,2.0,0.0
1204,45.42,2.018,45.42,2.018,2.0,0.0
1205,45.29,2.018,45.29,2.018,15.0,0.0
1206,45.29,2.014,45.29,2.014,13.0,0.4
1207,45.32,2.014,45.32,2.014,3.0,0.4
1208,45.32,2.015,45.32,2.015,3.0,0.1
1209,45.42,2.015,45.42,2.015,10.0,0.1
1210,45.57,2.015,45.57,2.015,25.0,0.0
1211,45.57,2.015,45.57,2.015,15.0,0.0
1212,45.57,2.014,45.57,2.014,0.0,0.1
1213,45.57,2.014,45.57,2.014,0.0,0.1
1214,45.57,2.014,45.57,2.014,0.0,0.0
1215,45.57,2.014,45.57,2.014,0.0,0.0
1216,45.57,2.001,45.57,2.001,0.0,1.3
1217,45.57,2.001,45.57,2.001,0.0,1.3
1218,45.58,2.001,45.58,2.001,1.0,0.0
1219,45.58,2.003,45.58,2.003,1.0,0.2
1220,45.59,2.007,45.59,2.007,1.0,0.6
1221,45.67,2.007,45.67,2.007,9.0,0.4
1222,45.67,2.006,45.67,2.006,8.0,0.1
1223,45.58,2.006,45.58,2.006,9.0,0.1
1224,45.58,2.005,45.58,2.005,9.0,0.1
1225,45.56,2.005,45.56,2.005,2.0,0.1
1226,45.56,2.005,45.56,2.005,2.0,0.0
1227,45.56,2.004,45.56,2.004,0.0,0.1
1228,45.55,2.004,45.55,2.004,1.0,0.1
1229,45.54,2.004,45.54,2.004,2.0,0.0
1230,45.54,2.004,45.54,2.004,1.0,0.0
1231,45.54,2.004,45.54,2.004,0.0,0.0
1232,45.54,2.004,45.54,2.004,0.0,0.0
1233,45.54,2.004,45.54,2.004,0.0,0.0
1234,45.54,2.004,45.54,2.004,0.0,0.0
1235,45.54,2.003,45.54,2.003,0.0,0.1
1236,45.53,2.003,45.53,2.003,1.0,0.1
1237,45.53,2.003,45.53,2.003,1.0,0.0
1238,45.53,2.003,45.53,2.003,0.0,0.0
1239,45.53,2.003,45.53,2.003,0.0,0.0
1240,45.53,2.003,45.53,2.003,0.0,0.0
1241,45.52,2.003,45.52,2.003,1.0,0.0
1242,45.52,2.003,45.52,2.003,1.0,0.0
1243,45.52,2.002,45.52,2.002,0.0,0.1
1244,45.61,2.002,45.61,2.002,9.0,0.1
1245,45.61,1.998,45.61,1.998,9.0,0.4
1246,45.58,1.997,45.58,1.997,3.0,0.5
1247,45.51,1.997,45.51,1.997,10.0,0.1
1248,45.51,1.997,45.51,1.997,7.000000000000001,0.0
1249,45.53,1.996,45.53,1.996,2.0,0.1
1250,45.52,1.996,45.52,1.996,1.0,0.1
1251,45.52,1.996,45.52,1.996,1.0,0.0
1252,45.52,1.996,45.52,1.996,0.0,0.0
1253,45.52,1.996,45.52,1.996,0.0,0.0
1254,45.51,1.995,45.51,1.995,1.0,0.1
1255,45.5,1.995,45.5,1.995,2.0,0.1
1256,45.5,1.981,45.5,1.981,1.0,1.4000000000000001
1257,45.33,1.98,45.33,1.98,17.0,1.5
1258,45.01,1.98,45.01,1.98,49.0,0.1
1259,45.01,1.981,45.01,1.981,32.0,0.1
1260,45.04,1.981,45.04,1.981,3.0,0.1
1261,45.04,1.985,45.04,1.985,3.0,0.4
1262,45.16,1.986,45.16,1.986,12.0,0.5
1263,45.19,1.986,45.19,1.986,15.0,0.1
1264,45.19,1.972,45.19,1.972,3.0,1.4000000000000001
1265,45.08,1.978,45.08,1.978,11.0,0.8
1266,45.23,1.978,45.23,1.978,4.0,0.6
1267,45.23,1.978,45.23,1.978,15.0,0.0
1268,45.22,1.978,45.22,1.978,1.0,0.0
1269,45.22,1.977,45.22,1.977,1.0,0.1
1270,45.21,1.977,45.21,1.977,1.0,0.1
1271,45.21,1.977,45.21,1.977,1.0,0.0
1272,45.21,1.977,45.21,1.977,0.0,0.0
1273,45.21,1.977,45.21,1.977,0.0,0.0
1274,45.21,1.977,45.21,1.977,0.0,0.0
1275,45.2,1.98,45.2,1.98,1.0,0.3
1276,45.1,1.98,45.1,1.98,11.0,0.3
1277,45.1,1.977,45.1,1.977,10.0,0.3
1278,45.1,1.978,45.1,1.978,0.0,0.2
1279,45.25,1.978,45.25,1.978,15.0,0.1
1280,45.25,1.981,45.25,1.981,15.0,0.3
1281,45.26,1.981,45.26,1.981,1.0,0.3
1282,45.26,1.98,45.26,1.98,1.0,0.1
1283,45.25,1.973,45.25,1.973,1.0,0.8
1284,45.25,1.973,45.25,1.973,1.0,0.7000000000000001
1285,45.25,1.969,45.25,1.969,0.0,0.4
1286,45.18,1.969,45.18,1.969,7.000000000000001,0.4
1287,45.19,1.969,45.19,1.969,6.0,0.0
1288,45.19,1.968,45.19,1.968,1.0,0.1
1289,45.18,1.968,45.18,1.968,1.0,0.1
1290,45.18,1.968,45.18,1.968,1.0,0.0
1291,45.18,1.968,45.18,1.968,0.0,0.0
1292,45.18,1.968,45.18,1.968,0.0,0.0
1293,45.18,1.968,45.18,1.968,0.0,0.0
1294,45.37,1.962,45.37,1.962,19.0,0.6
1295,45.28,1.962,45.28,1.962,10.0,0.6
1296,45.28,1.962,45.28,1.962,9.0,0.0
1297,45.29,1.962,45.29,1.962,1.0,0.0
1298,45.29,1.959,45.29,1.959,1.0,0.3
1299,45.28,1.959,45.28,1.959,1.0,0.3
1300,45.28,1.959,45.28,1.959,1.0,0.0
1301,45.28,1.959,45.28,1.959,0.0,0.0
1302,45.28,1.959,45.28,1.959,0.0,0.0
1303,45.28,1.958,45.28,1.958,0.0,0.1
1304,45.28,1.958,45.28,1.958,0.0,0.1
1305,45.27,1.958,45.27,1.958,1.0,0.0
1306,45.27,1.958,45.27,1.958,1.0,0.0
1307,45.27,1.957,45.27,1.957,0.0,0.1
1308,45.27,1.957,45.27,1.957,0.0,0.1
1309,45.27,1.957,45.27,1.957,0.0,0.0
1310,45.27,1.957,45.27,1.957,0.0,0.0
1311,45.27,1.946,45.27,1.946,0.0,1.0999999999999999
1312,45.17,1.945,45.17,1.945,10.0,1.2
1313,45.15,1.945,45.15,1.945,12.0,0.1
1314,45.15,1.944,45.15,1.944,2.0,0.1
1315,45.15,1.944,45.15,1.944,0.0,0.1
1316,45.16,1.944,45.16,1.944,1.0,0.0
1317,45.16,1.945,45.16,1.945,1.0,0.1
1318,45.23,1.945,45.23,1.945,7.000000000000001,0.1
1319,45.23,1.945,45.23,1.945,7.000000000000001,0.0
1320,45.24,1.945,45.24,1.945,1.0,0.0
1321,45.25,1.945,45.25,1.945,2.0,0.0
1322,45.25,1.945,45.25,1.945,1.0,0.0
1323,45.37,1.941,45.37,1.941,12.0,0.4
1324,45.35,1.941,45.35,1.941,10.0,0.4
1325,45.35,1.94,45.35,1.94,2.0,0.1
1326,45.33,1.94,45.33,1.94,2.0,0.1
1327,45.33,1.941,45.33,1.941,2.0,0.1
1328,45.33,1.941,45.33,1.941,0.0,0.1
1329,45.32,1.941,45.32,1.941,1.0,0.0
1330,45.32,1.94,45.32,1.94,1.0,0.1
1331,45.32,1.927,45.32,1.927,0.0,1.4000000000000001
1332,45.23,1.927,45.23,1.927,9.0,1.3
1333,45.23,1.927,45.23,1.927,9.0,0.0
1334,45.25,1.927,45.25,1.927,2.0,0.0
1335,45.25,1.928,45.25,1.928,2.0,0.1
1336,45.27,1.928,45.27,1.928,2.0,0.1
1337,45.28,1.928,45.28,1.928,3.0,0.0
1338,45.28,1.928,45.28,1.928,1.0,0.0
1339,45.45,1.928,45.45,1.928,17.0,0.0
1340,45.45,1.93,45.45,1.93,17.0,0.2
1341,45.46,1.93,45.46,1.93,1.0,0.2
1342,45.47,1.93,45.47,1.93,2.0,0.0
1343,45.47,1.92,45.47,1.92,1.0,1.0
1344,45.46,1.92,45.46,1.92,1.0,1.0
1345,45.37,1.92,45.37,1.92,10.0,0.0
1346,45.37,1.92,45.37,1.92,9.0,0.0
1347,45.35,1.92,45.35,1.92,2.0,0.0
1348,45.35,1.92,45.35,1.92,2.0,0.0
1349,45.34,1.92,45.34,1.92,1.0,0.0
1350,45.33,1.92,45.33,1.92,2.0,0.0
1351,45.33,1.92,45.33,1.92,1.0,0.0
1352,45.32,1.909,45.32,1.909,1.0,1.0999999999999999
1353,45.33,1.909,45.33,1.909,0.0,1.0999999999999999
1354,45.33,1.913,45.33,1.913,1.0,0.4
1355,45.54,1.913,45.54,1.913,21.0,0.4
1356,45.54,1.913,45.54,1.913,21.0,0.0
1357,45.56,1.903,45.56,1.903,2.0,1.0
1358,45.63,1.903,45.63,1.903,9.0,1.0
1359,45.63,1.903,45.63,1.903,7.000000000000001,0.0
1360,45.95,1.904,45.95,1.904,32.0,0.1
1361,46.21,1.904,46.21,1.904,57.99999999999999,0.1
1362,46.21,1.903,46.21,1.903,26.0,0.1
1363,46.2,1.903,46.2,1.903,1.0,0.1
1364,46.2,1.896,46.2,1.896,1.0,0.7000000000000001
1365,46.2,1.893,46.2,1.893,0.0,1.0
1366,46.2,1.893,46.2,1.893,0.0,0.3
1367,46.2,1.88,46.2,1.88,0.0,1.3
1368,46.02,1.88,46.02,1.88,18.0,1.3
1369,46.02,1.877,46.02,1.877,18.0,0.3
1370,46.18,1.869,46.18,1.869,16.0,1.0999999999999999
1371,46.17,1.869,46.17,1.869,15.0,0.8
1372,46.17,1.864,46.17,1.864,1.0,0.5
1373,46.4,1.854,46.4,1.854,23.0,1.5
1374,46.48,1.854,46.48,1.854,31.0,1.0
1375,46.48,1.854,46.48,1.854,8.0,0.0
1376,46.61,1.854,46.61,1.854,13.0,0.0
1377,46.61,1.851,46.61,1.851,13.0,0.3
1378,46.84,1.845,46.84,1.845,23.0,0.8999999999999999
1379,46.97,1.845,46.97,1.845,36.0,0.6
1380,46.97,1.845,46.97,1.845,13.0,0.0
1381,47.04,1.839,47.04,1.839,7.000000000000001,0.6
1382,47.05,1.839,47.05,1.839,8.0,0.6
1383,47.05,1.84,47.05,1.84,1.0,0.1
1384,47.14,1.84,47.14,1.84,9.0,0.1
1385,47.14,1.833,47.14,1.833,9.0,0.7000000000000001
1386,47.13,1.832,47.13,1.832,1.0,0.8
1387,47.13,1.832,47.13,1.832,1.0,0.1
1388,47.13,1.829,47.13,1.829,0.0,0.3
1389,47.13,1.823,47.13,1.823,0.0,0.8999999999999999
1390,47.23,1.823,47.23,1.823,10.0,0.6
1391,47.23,1.822,47.23,1.822,10.0,0.1
1392,47.24,1.822,47.24,1.822,1.0,0.1
1393,47.24,1.822,47.24,1.822,1.0,0.0
1394,47.26,1.826,47.26,1.826,2.0,0.4
1395,47.58,1.826,47.58,1.826,34.0,0.4
1396,47.58,1.821,47.58,1.821,32.0,0.5
1397,47.4,1.82,47.4,1.82,18.0,0.6
1398,47.37,1.82,47.37,1.82,21.0,0.1
1399,47.37,1.82,47.37,1.82,3.0,0.0
1400,47.36,1.82,47.36,1.82,1.0,0.0
1401,47.36,1.812,47.36,1.812,1.0,0.8
1402,47.37,1.811,47.37,1.811,1.0,0.8999999999999999
1403,47.38,1.811,47.38,1.811,2.0,0.1
1404,47.38,1.811,47.38,1.811,1.0,0.0
1405,47.38,1.811,47.38,1.811,0.0,0.0
1406,47.38,1.811,47.38,1.811,0.0,0.0
1407,47.39,1.811,47.39,1.811,1.0,0.0
1408,47.39,1.811,47.39,1.811,1.0,0.0
1409,47.39,1.811,47.39,1.811,0.0,0.0
1410,47.39,1.81,47.39,1.81,0.0,0.1
1411,47.4,1.81,47.4,1.81,1.0,0.1
1412,47.4,1.808,47.4,1.808,1.0,0.2
1413,47.4,1.808,47.4,1.808,0.0,0.2
1414,47.4,1.808,47.4,1.808,0.0,0.0
1415,47.4,1.808,47.4,1.808,0.0,0.0
1416,47.4,1.808,47.4,1.808,0.0,0.0
1417,47.4,1.801,47.4,1.801,0.0,0.7000000000000001
1418,47.4,1.801,47.4,1.801,0.0,0.7000000000000001
1419,47.4,1.801,47.4,1.801,0.0,0.0
1420,47.4,1.802,47.4,1.802,0.0,0.1
1421,47.52,1.802,47.52,1.802,12.0,0.1
1422,47.52,1.802,47.52,1.802,12.0,0.0
1423,47.52,1.8,47.52,1.8,0.0,0.2
1424,47.5,1.8,47.5,1.8,2.0,0.2
1425,47.5,1.799,47.5,1.799,2.0,0.1
1426,47.49,1.799,47.49,1.799,1.0,0.1
1427,47.49,1.799,47.49,1.799,1.0,0.0
1428,47.49,1.798,47.49,1.798,0.0,0.1
1429,47.48,1.798,47.48,1.798,1.0,0.1
1430,47.48,1.792,47.48,1.792,1.0,0.6
1431,47.49,1.789,47.49,1.789,1.0,0.8999999999999999
1432,47.49,1.789,47.49,1.789,1.0,0.3
1433,47.49,1.789,47.49,1.789,0.0,0.0
1434,47.48,1.789,47.48,1.789,1.0,0.0
1435,47.48,1.78,47.48,1.78,1.0,0.8999999999999999
1436,47.48,1.78,47.48,1.78,0.0,0.8999999999999999
1437,47.48,1.78,47.48,1.78,0.0,0.0
1438,47.48,1.78,47.48,1.78,0.0,0.0
1439,47.55,1.779,47.55,1.779,7.000000000000001,0.1
1440,47.54,1.779,47.54,1.779,6.0,0.1
1441,47.54,1.777,47.54,1.777,1.0,0.2
1442,47.54,1.777,47.54,1.777,0.0,0.2
1443,47.54,1.77,47.54,1.77,0.0,0.7000000000000001
1444,47.54,1.775,47.54,1.775,0.0,0.2
1445,47.67,1.775,47.67,1.775,13.0,0.5
1446,47.67,1.775,47.67,1.775,13.0,0.0
1447,47.66,1.775,47.66,1.775,1.0,0.0
1448,47.65,1.775,47.65,1.775,2.0,0.0
1449,47.65,1.775,47.65,1.775,1.0,0.0
1450,47.64,1.775,47.64,1.775,1.0,0.0
1451,47.64,1.775,47.64,1.775,1.0,0.0
1452,47.64,1.775,47.64,1.775,0.0,0.0
1453,47.64,1.775,47.64,1.775,0.0,0.0
1454,47.64,1.775,47.64,1.775,0.0,0.0
1455,47.64,1.775,47.64,1.775,0.0,0.0
1456,47.64,1.775,47.64,1.775,0.0,0.0
1457,47.64,1.774,47.64,1.774,0.0,0.1
1458,47.63,1.774,47.63,1.774,1.0,0.1
1459,47.63,1.774,47.63,1.774,1.0,0.0
1460,47.63,1.765,47.63,1.765,0.0,0.8999999999999999
1461,47.63,1.765,47.63,1.765,0.0,0.8999999999999999
1462,47.63,1.769,47.63,1.769,0.0,0.4
1463,47.53,1.769,47.53,1.769,10.0,0.4
1464,47.53,1.763,47.53,1.763,10.0,0.6
1465,47.44,1.768,47.44,1.768,9.0,0.1
1466,47.78,1.768,47.78,1.768,25.0,0.5
1467,47.78,1.769,47.78,1.769,34.0,0.1
1468,47.62,1.766,47.62,1.766,16.0,0.2
1469,47.51,1.766,47.51,1.766,27.0,0.3
1470,47.51,1.761,47.51,1.761,11.0,0.5
1471,47.43,1.761,47.43,1.761,8.0,0.5
1472,47.43,1.752,47.43,1.752,8.0,0.8999999999999999
1473,47.42,1.752,47.42,1.752,1.0,0.8999999999999999
1474,47.48,1.752,47.48,1.752,5.0,0.0
1475,47.48,1.742,47.48,1.742,6.0,1.0
1476,47.36,1.745,47.36,1.745,12.0,0.7000000000000001
1477,47.38,1.745,47.38,1.745,10.0,0.3
1478,47.38,1.749,47.38,1.749,2.0,0.4
1479,47.46,1.749,47.46,1.749,8.0,0.4
1480,47.46,1.751,47.46,1.751,8.0,0.2
1481,47.56,1.751,47.56,1.751,10.0,0.2
1482,47.55,1.751,47.55,1.751,9.0,0.0
1483,47.55,1.751,47.55,1.751,1.0,0.0
1484,47.56,1.751,47.56,1.751,1.0,0.0
1485,47.55,1.751,47.55,1.751,0.0,0.0
1486,47.55,1.742,47.55,1.742,1.0,0.8999999999999999
1487,47.55,1.742,47.55,1.742,0.0,0.8999999999999999
1488,47.55,1.755,47.55,1.755,0.0,1.3
1489,47.62,1.754,47.62,1.754,7.000000000000001,1.2
1490,47.8,1.754,47.8,1.754,25.0,0.1
1491,47.8,1.751,47.8,1.751,18.0,0.3
1492,47.65,1.743,47.65,1.743,15.0,1.0999999999999999
1493,47.65,1.743,47.65,1.743,15.0,0.8
1494,47.65,1.749,47.65,1.749,0.0,0.6
1495,47.63,1.749,47.63,1.749,2.0,0.6
1496,47.63,1.742,47.63,1.742,2.0,0.7000000000000001
1497,47.64,1.739,47.64,1.739,1.0,1.0
1498,47.45,1.739,47.45,1.739,18.0,0.3
1499,47.45,1.739,47.45,1.739,19.0,0.0
1500,47.49,1.739,47.49,1.739,4.0,0.0
1501,47.49,1.736,47.49,1.736,4.0,0.3
1502,47.48,1.74,47.48,1.74,1.0,0.1
1503,47.49,1.74,47.49,1.74,0.0,0.4
1504,47.49,1.737,47.49,1.737,1.0,0.3
1505,47.49,1.738,47.49,1.738,0.0,0.2
1506,47.49,1.738,47.49,1.738,0.0,0.1
1507,47.49,1.72,47.49,1.72,0.0,1.7999999999999998
1508,47.29,1.72,47.29,1.72,20.0,1.7999999999999998
1509,47.29,1.746,47.29,1.746,20.0,2.6
1510,47.78,1.716,47.78,1.716,49.0,0.4
1511,47.28,1.716,47.28,1.716,1.0,3.0
1512,47.28,1.737,47.28,1.737,50.0,2.1
1513,47.6,1.72,47.6,1.72,32.0,0.4
1514,47.51,1.72,47.51,1.72,23.0,1.7000000000000002
1515,47.51,1.725,47.51,1.725,9.0,0.5
1516,47.58,1.725,47.58,1.725,7.000000000000001,0.5
1517,47.58,1.724,47.58,1.724,7.000000000000001,0.1
1518,47.57,1.724,47.57,1.724,1.0,0.1
1519,47.58,1.724,47.58,1.724,0.0,0.0
1520,47.58,1.724,47.58,1.724,1.0,0.0
1521,47.57,1.724,47.57,1.724,1.0,0.0
1522,47.77,1.724,47.77,1.724,19.0,0.0
1523,47.77,1.719,47.77,1.719,20.0,0.5
1524,47.55,1.719,47.55,1.719,22.0,0.5
1525,47.55,1.72,47.55,1.72,22.0,0.1
1526,47.62,1.72,47.62,1.72,7.000000000000001,0.1
1527,47.59,1.72,47.59,1.72,4.0,0.0
1528,47.59,1.719,47.59,1.719,3.0,0.1
1529,47.58,1.719,47.58,1.719,1.0,0.1
1530,47.58,1.717,47.58,1.717,1.0,0.2
1531,47.56,1.715,47.56,1.715,2.0,0.4
1532,47.68,1.715,47.68,1.715,10.0,0.2
1533,47.68,1.711,47.68,1.711,12.0,0.4
1534,47.32,1.716,47.32,1.716,36.0,0.1
1535,47.41,1.716,47.41,1.716,27.0,0.5
1536,47.41,1.716,47.41,1.716,9.0,0.0
1537,47.42,1.716,47.42,1.716,1.0,0.0
1538,47.42,1.716,47.42,1.716,1.0,0.0
1539,47.43,1.713,47.43,1.713,1.0,0.3
1540,47.52,1.713,47.52,1.713,10.0,0.3
1541,47.52,1.711,47.52,1.711,9.0,0.2
1542,47.52,1.706,47.52,1.706,0.0,0.7000000000000001
1543,47.4,1.706,47.4,1.706,12.0,0.5
1544,47.4,1.706,47.4,1.706,12.0,0.0
1545,47.37,1.706,47.37,1.706,3.0,0.0
1546,47.37,1.706,47.37,1.706,3.0,0.0
1547,47.36,1.705,47.36,1.705,1.0,0.1
1548,47.35,1.705,47.35,1.705,2.0,0.1
1549,47.35,1.705,47.35,1.705,1.0,0.0
1550,47.35,1.705,47.35,1.705,0.0,0.0
1551,47.35,1.705,47.35,1.705,0.0,0.0
1552,47.35,1.705,47.35,1.705,0.0,0.0
1553,47.44,1.705,47.44,1.705,9.0,0.0
1554,47.44,1.699,47.44,1.699,9.0,0.6
1555,47.31,1.697,47.31,1.697,13.0,0.8
1556,47.21,1.697,47.21,1.697,23.0,0.2
1557,47.21,1.697,47.21,1.697,10.0,0.0
1558,47.21,1.697,47.21,1.697,0.0,0.0
1559,47.22,1.697,47.22,1.697,1.0,0.0
1560,47.22,1.697,47.22,1.697,1.0,0.0
1561,47.22,1.697,47.22,1.697,0.0,0.0
1562,47.22,1.697,47.22,1.697,0.0,0.0
1563,47.22,1.702,47.22,1.702,0.0,0.5
1564,47.1,1.702,47.1,1.702,12.0,0.5
1565,47.1,1.699,47.1,1.699,12.0,0.3
1566,47.01,1.699,47.01,1.699,9.0,0.3
1567,47.01,1.7,47.01,1.7,9.0,0.1
1568,47.02,1.703,47.02,1.703,1.0,0.4
1569,47.08,1.703,47.08,1.703,7.000000000000001,0.3
1570,47.08,1.703,47.08,1.703,6.0,0.0
1571,47.07,1.707,47.07,1.707,1.0,0.4
1572,47.33,1.707,47.33,1.707,25.0,0.4
1573,47.33,1.706,47.33,1.706,26.0,0.1
1574,47.06,1.706,47.06,1.706,27.0,0.1
1575,47.06,1.706,47.06,1.706,27.0,0.0
1576,47.08,1.703,47.08,1.703,2.0,0.3
1577,47.07,1.703,47.07,1.703,1.0,0.3
1578,47.07,1.704,47.07,1.704,1.0,0.1
1579,47.07,1.704,47.07,1.704,0.0,0.1
1580,47.06,1.704,47.06,1.704,1.0,0.0
1581,47.06,1.713,47.06,1.713,1.0,0.8999999999999999
1582,47.07,1.713,47.07,1.713,1.0,0.8999999999999999
1583,47.07,1.712,47.07,1.712,1.0,0.1
1584,47.07,1.71,47.07,1.71,0.0,0.3
1585,47.06,1.71,47.06,1.71,1.0,0.2
1586,47.06,1.71,47.06,1.71,1.0,0.0
1587,47.06,1.71,47.06,1.71,0.0,0.0
1588,47.05,1.71,47.05,1.71,1.0,0.0
1589,47.05,1.708,47.05,1.708,1.0,0.2
1590,47.05,1.708,47.05,1.708,0.0,0.2
1591,47.05,1.708,47.05,1.708,0.0,0.0
1592,47.04,1.708,47.04,1.708,1.0,0.0
1593,47.04,1.708,47.04,1.708,1.0,0.0
1594,47.04,1.707,47.04,1.707,0.0,0.1
1595,47.04,1.707,47.04,1.707,0.0,0.1
1596,47.04,1.702,47.04,1.702,0.0,0.5
1597,47.03,1.695,47.03,1.695,1.0,1.2
1598,47.03,1.695,47.03,1.695,1.0,0.7000000000000001
1599,47.03,1.696,47.03,1.696,0.0,0.1
1600,47.03,1.687,47.03,1.687,0.0,0.8
1601,47.16,1.687,47.16,1.687,13.0,0.8999999999999999
1602,47.16,1.682,47.16,1.682,13.0,0.5
1603,47.31,1.682,47.31,1.682,15.0,0.5
1604,47.31,1.681,47.31,1.681,15.0,0.1
1605,47.49,1.681,47.49,1.681,18.0,0.1
1606,47.48,1.681,47.48,1.681,17.0,0.0
1607,47.48,1.673,47.48,1.673,1.0,0.8
1608,47.57,1.655,47.57,1.655,9.0,2.6
1609,47.38,1.655,47.38,1.655,10.0,1.7999999999999998
1610,47.38,1.644,47.38,1.644,19.0,1.0999999999999999
1611,47.58,1.644,47.58,1.644,20.0,1.0999999999999999
1612,47.58,1.641,47.58,1.641,20.0,0.3
1613,47.5,1.641,47.5,1.641,8.0,0.3
1614,47.7,1.641,47.7,1.641,12.0,0.0
1615,47.7,1.636,47.7,1.636,20.0,0.5
1616,47.85,1.639,47.85,1.639,15.0,0.2
1617,48.01,1.639,48.01,1.639,31.0,0.3
1618,48.01,1.617,48.01,1.617,16.0,2.1999999999999997
1619,48.02,1.617,48.02,1.617,1.0,2.1999999999999997
1620,48.02,1.609,48.02,1.609,1.0,0.8
1621,48.19,1.602,48.19,1.602,17.0,1.5
1622,48.18,1.602,48.18,1.602,16.0,0.7000000000000001
1623,48.18,1.603,48.18,1.603,1.0,0.1
1624,48.2,1.603,48.2,1.603,2.0,0.1
1625,48.2,1.603,48.2,1.603,2.0,0.0
1626,48.53,1.599,48.53,1.599,33.0,0.4
1627,48.68,1.599,48.68,1.599,48.0,0.4
1628,48.68,1.594,48.68,1.594,15.0,0.5
1629,48.57,1.591,48.57,1.591,11.0,0.8
1630,48.48,1.591,48.48,1.591,20.0,0.3
1631,48.48,1.588,48.48,1.588,9.0,0.3
1632,48.45,1.588,48.45,1.588,3.0,0.3
1633,48.45,1.579,48.45,1.579,3.0,0.8999999999999999
1634,48.45,1.582,48.45,1.582,0.0,0.6
1635,48.46,1.582,48.46,1.582,1.0,0.3
1636,48.46,1.586,48.46,1.586,1.0,0.4
1637,48.58,1.577,48.58,1.577,12.0,0.5
1638,48.47,1.577,48.47,1.577,1.0,0.8999999999999999
1639,48.47,1.577,48.47,1.577,11.0,0.0
1640,48.49,1.577,48.49,1.577,2.0,0.0
1641,48.49,1.578,48.49,1.578,2.0,0.1
1642,48.56,1.583,48.56,1.583,7.000000000000001,0.6
1643,48.92,1.583,48.92,1.583,43.0,0.5
1644,48.92,1.584,48.92,1.584,36.0,0.1
1645,48.94,1.584,48.94,1.584,2.0,0.1
1646,48.93,1.584,48.93,1.584,1.0,0.0
1647,48.93,1.581,48.93,1.581,1.0,0.3
1648,48.81,1.581,48.81,1.581,12.0,0.3
1649,48.81,1.58,48.81,1.58,12.0,0.1
1650,48.8,1.572,48.8,1.572,1.0,0.8999999999999999
1651,48.79,1.572,48.79,1.572,2.0,0.8
1652,48.79,1.572,48.79,1.572,1.0,0.0
1653,48.78,1.572,48.78,1.572,1.0,0.0
1654,48.79,1.572,48.79,1.572,0.0,0.0
1655,48.79,1.572,48.79,1.572,1.0,0.0
1656,48.79,1.572,48.79,1.572,0.0,0.0
1657,48.79,1.572,48.79,1.572,0.0,0.0
1658,48.79,1.572,48.79,1.572,0.0,0.0
1659,48.79,1.572,48.79,1.572,0.0,0.0
1660,48.79,1.567,48.79,1.567,0.0,0.5
1661,48.87,1.567,48.87,1.567,8.0,0.5
1662,48.87,1.564,48.87,1.564,8.0,0.3
1663,48.76,1.564,48.76,1.564,11.0,0.3
1664,48.77,1.564,48.77,1.564,10.0,0.0
1665,48.77,1.564,48.77,1.564,1.0,0.0
1666,48.76,1.564,48.76,1.564,1.0,0.0
1667,48.76,1.564,48.76,1.564,1.0,0.0
1668,48.76,1.564,48.76,1.564,0.0,0.0
1669,48.76,1.564,48.76,1.564,0.0,0.0
1670,48.76,1.575,48.76,1.575,0.0,1.0999999999999999
1671,48.75,1.578,48.75,1.578,1.0,1.4000000000000001
1672,48.84,1.578,48.84,1.578,8.0,0.3
1673,48.84,1.573,48.84,1.573,9.0,0.5
1674,48.84,1.57,48.84,1.57,0.0,0.8
1675,48.74,1.57,48.74,1.57,10.0,0.3
1676,48.74,1.571,48.74,1.571,10.0,0.1
1677,48.63,1.571,48.63,1.571,11.0,0.1
1678,48.63,1.573,48.63,1.573,11.0,0.2
1679,48.83,1.572,48.83,1.572,20.0,0.1
1680,48.81,1.572,48.81,1.572,18.0,0.1
1681,48.81,1.572,48.81,1.572,2.0,0.0
1682,48.81,1.572,48.81,1.572,0.0,0.0
1683,48.8,1.572,48.8,1.572,1.0,0.0
1684,48.8,1.572,48.8,1.572,1.0,0.0
1685,48.8,1.572,48.8,1.572,0.0,0.0
1686,48.8,1.572,48.8,1.572,0.0,0.0
1687,48.8,1.572,48.8,1.572,0.0,0.0
1688,48.8,1.572,48.8,1.572,0.0,0.0
1689,48.8,1.572,48.8,1.572,0.0,0.0
1690,48.79,1.572,48.79,1.572,1.0,0.0
1691,48.79,1.571,48.79,1.571,1.0,0.1
1692,48.79,1.571,48.79,1.571,0.0,0.1
1693,48.79,1.571,48.79,1.571,0.0,0.0
1694,48.79,1.571,48.79,1.571,0.0,0.0
1695,48.79,1.571,48.79,1.571,0.0,0.0
1696,48.78,1.571,48.78,1.571,1.0,0.0
1697,48.78,1.571,48.78,1.571,1.0,0.0
1698,48.78,1.571,48.78,1.571,0.0,0.0
1699,48.78,1.571,48.78,1.571,0.0,0.0
1700,48.78,1.571,48.78,1.571,0.0,0.0
1701,48.77,1.571,48.77,1.571,1.0,0.0
1702,48.77,1.574,48.77,1.574,1.0,0.3
1703,48.7,1.575,48.7,1.575,7.000000000000001,0.4
1704,48.78,1.575,48.78,1.575,1.0,0.1
1705,48.78,1.575,48.78,1.575,8.0,0.0
1706,48.77,1.575,48.77,1.575,1.0,0.0
1707,48.77,1.575,48.77,1.575,1.0,0.0
1708,48.78,1.576,48.78,1.576,1.0,0.1
1709,48.78,1.576,48.78,1.576,1.0,0.1
1710,48.78,1.574,48.78,1.574,0.0,0.2
1711,48.89,1.573,48.89,1.573,11.0,0.3
1712,48.88,1.573,48.88,1.573,10.0,0.1
1713,48.88,1.574,48.88,1.574,1.0,0.1
1714,48.87,1.574,48.87,1.574,1.0,0.1
1715,48.87,1.573,48.87,1.573,1.0,0.1
1716,48.79,1.573,48.79,1.573,8.0,0.1
1717,48.78,1.573,48.78,1.573,9.0,0.0
1718,48.78,1.573,48.78,1.573,1.0,0.0
1719,48.79,1.573,48.79,1.573,1.0,0.0
1720,48.8,1.573,48.8,1.573,2.0,0.0
1721,48.8,1.573,48.8,1.573,1.0,0.0
1722,48.81,1.573,48.81,1.573,1.0,0.0
1723,48.81,1.582,48.81,1.582,1.0,0.8999999999999999
1724,48.92,1.582,48.92,1.582,11.0,0.8999999999999999
1725,48.94,1.582,48.94,1.582,13.0,0.0
1726,48.94,1.579,48.94,1.579,2.0,0.3
1727,48.93,1.579,48.93,1.579,1.0,0.3
1728,48.93,1.579,48.93,1.579,1.0,0.0
1729,48.92,1.579,48.92,1.579,1.0,0.0
1730,48.85,1.579,48.85,1.579,8.0,0.0
1731,48.85,1.578,48.85,1.578,7.000000000000001,0.1
1732,48.83,1.578,48.83,1.578,2.0,0.1
1733,48.82,1.578,48.82,1.578,3.0,0.0
1734,48.82,1.578,48.82,1.578,1.0,0.0
1735,48.81,1.578,48.81,1.578,1.0,0.0
1736,48.81,1.578,48.81,1.578,1.0,0.0
1737,48.8,1.576,48.8,1.576,1.0,0.2
1738,48.48,1.576,48.48,1.576,33.0,0.2
1739,48.48,1.579,48.48,1.579,32.0,0.3
1740,48.6,1.579,48.6,1.579,12.0,0.3
1741,48.63,1.579,48.63,1.579,15.0,0.0
1742,48.63,1.579,48.63,1.579,3.0,0.0
1743,48.64,1.579,48.64,1.579,1.0,0.0
1744,48.64,1.579,48.64,1.579,1.0,0.0
1745,48.64,1.586,48.64,1.586,0.0,0.7000000000000001
1746,48.65,1.586,48.65,1.586,1.0,0.7000000000000001
1747,48.65,1.589,48.65,1.589,1.0,0.3
1748,48.78,1.589,48.78,1.589,13.0,0.3
1749,48.78,1.589,48.78,1.589,13.0,0.0
1750,48.78,1.589,48.78,1.589,0.0,0.0
1751,48.79,1.589,48.79,1.589,1.0,0.0
1752,48.79,1.59,48.79,1.59,1.0,0.1
1753,48.78,1.584,48.78,1.584,1.0,0.5
1754,48.37,1.584,48.37,1.584,42.0,0.6
1755,48.37,1.587,48.37,1.587,41.0,0.3
1756,48.7,1.587,48.7,1.587,33.0,0.3
1757,48.7,1.583,48.7,1.583,33.0,0.4
1758,48.62,1.588,48.62,1.588,8.0,0.1
1759,48.63,1.588,48.63,1.588,7.000000000000001,0.5
1760,48.63,1.585,48.63,1.585,1.0,0.3
1761,48.55,1.595,48.55,1.595,8.0,0.7000000000000001
1762,48.68,1.595,48.68,1.595,5.0,1.0
1763,48.68,1.583,48.68,1.583,13.0,1.2
1764,48.77,1.583,48.77,1.583,9.0,1.2
1765,48.77,1.588,48.77,1.588,9.0,0.5
1766,48.76,1.584,48.76,1.584,1.0,0.1
1767,48.65,1.584,48.65,1.584,12.0,0.4
1768,48.65,1.582,48.65,1.582,11.0,0.2
1769,48.63,1.582,48.63,1.582,2.0,0.2
1770,48.63,1.582,48.63,1.582,2.0,0.0
1771,48.63,1.582,48.63,1.582,0.0,0.0
1772,48.64,1.582,48.64,1.582,1.0,0.0
1773,48.64,1.59,48.64,1.59,1.0,0.8
1774,48.72,1.59,48.72,1.59,8.0,0.8
1775,48.7,1.59,48.7,1.59,6.0,0.0
1776,48.7,1.58,48.7,1.58,2.0,1.0
1777,48.53,1.58,48.53,1.58,17.0,1.0
1778,48.5,1.58,48.5,1.58,20.0,0.0
1779,48.5,1.58,48.5,1.58,3.0,0.0
1780,48.51,1.58,48.51,1.58,1.0,0.0
1781,48.51,1.58,48.51,1.58,1.0,0.0
1782,48.52,1.583,48.52,1.583,1.0,0.3
1783,48.64,1.583,48.64,1.583,13.0,0.3
1784,48.64,1.595,48.64,1.595,12.0,1.2
1785,48.83,1.595,48.83,1.595,19.0,1.2
1786,48.83,1.595,48.83,1.595,19.0,0.0
1787,48.84,1.595,48.84,1.595,1.0,0.0
1788,48.84,1.595,48.84,1.595,1.0,0.0
1789,48.84,1.595,48.84,1.595,0.0,0.0
1790,48.84,1.595,48.84,1.595,0.0,0.0
1791,48.84,1.595,48.84,1.595,0.0,0.0
1792,48.84,1.583,48.84,1.583,0.0,1.2
1793,48.83,1.583,48.83,1.583,1.0,1.2
1794,48.83,1.589,48.83,1.589,1.0,0.6
1795,48.83,1.589,48.83,1.589,0.0,0.6
1796,48.73,1.589,48.73,1.589,10.0,0.0
1797,48.73,1.592,48.73,1.592,10.0,0.3
1798,48.7,1.594,48.7,1.594,3.0,0.5
1799,48.71,1.594,48.71,1.594,2.0,0.2
1800,48.71,1.594,48.71,1.594,1.0,0.0
1801,48.71,1.594,48.71,1.594,0.0,0.0
1802,48.71,1.591,48.71,1.591,0.0,0.3
1803,48.72,1.605,48.72,1.605,1.0,1.0999999999999999
1804,48.92,1.605,48.92,1.605,21.0,1.4000000000000001
1805,48.92,1.603,48.92,1.603,20.0,0.2
1806,48.91,1.603,48.91,1.603,1.0,0.2
1807,48.91,1.603,48.91,1.603,1.0,0.0
1808,48.91,1.601,48.91,1.601,0.0,0.2
1809,48.84,1.601,48.84,1.601,7.000000000000001,0.2
1810,48.84,1.602,48.84,1.602,7.000000000000001,0.1
1811,48.84,1.608,48.84,1.608,0.0,0.7000000000000001
1812,48.83,1.608,48.83,1.608,1.0,0.6
1813,48.83,1.608,48.83,1.608,1.0,0.0
